Code,Bin Name,COUNT 1,COUNT 2,COUNT 3
GC-801,Bulk Hardware 1,,,
GC-801,Hardware 2,,,
GC-801-D,Bulk Hardware 1,,,
GC-801-D,Hardware 2,,,
GC-802,Bulk Hardware 1,,,
GC-802,Hardware 2,,,
RB-626,Hardware 4,,,
RB-6300,Hardware 4,,,
TB-51100,Hardware 4,,,
10*20-WASH,Hardware 4,,,
SQSH-2-PAN,Bulk Hardware 2,,,
SQSH-4-PAN,Bulk Hardware 2,,,
BTMK-KIT,Hardware 3,,,
CLV-BLKCAT,Hardware 3,,,
CLV-GH-BRN,Hardware 3,,,
CLV-GH-CH,Hardware 3,,,
CLV-HBUSH,Hardware 3,,,
CLV-LH,Hardware 3,,,
CLV-LH-BRN,Hardware 3,,,
CLV-LH-CH,Hardware 3,,,
CLV-LHH,Hardware 3,,,
CLV-LHH-BRN,Hardware 3,,,
CLV-LP,Hardware 3,,,
CLV-LP-BRN,Hardware 3,,,
CLV-LP-CH,Hardware 3,,,
CLV-LPIN,Hardware 3,,,
CLV-LPIN-A,Hardware 3,,,
CLV-LPIN-EXL,Hardware 3,,,
CLV-MH-CB,Hardware 3,,,
CLV-MH-CB-BR,Hardware 3,,,
CLV-MH-CB-CH,Hardware 3,,,
CLV-MH-CS,Hardware 3,,,
CLV-MH-CS-BR,Hardware 3,,,
CLV-MH-CS-CH,Hardware 3,,,
CLV-PH,Hardware 3,,,
CLV-PH-BRN,Hardware 3,,,
CLV-PH-CH,Hardware 3,,,
CLV-RBR,Bulk Seals,,,
CLV-RH,Hardware 3,,,
CLV-RH-BRN,Hardware 3,,,
CLV-RH-CH,Hardware 3,,,
SIDK-KIT,Hardware 3,,,
TOPK-KIT,Hardware 3,,,
CLV-LHH-CH,Hardware 3,,,
P3794,Hardware 3,,,
SL-0068,Hardware 3,,,
SL-0068P,Hardware 3,,,
SL-0077,Hardware 3,,,
SL-0077P,Hardware 3,,,
SL-0078,Hardware 3,,,
SL-0080,Hardware 3,,,
SL-0085L,Hardware 3,,,
SL-0085R,Hardware 3,,,
SL-0098,Hardware 3,,,
SL-0099N,Hardware 3,,,
DL-001P,Hardware 3,,,
DL-002P,Hardware 3,,,
DL-02P,Hardware 3,,,
GDL-0061P,Hardware 3,,,
GDL-0061P,Bulk Hardware 1,,,
GDL-0062P,Hardware 3,,,
GDL-0062P,Bulk Hardware 1,,,
SLL-824P,Hardware 3,,,
SLL-824P,Bulk Hardware 1,,,
SP21B,Patch Fitting,,,
SP21BC,Patch Fitting,,,
SP21L,Patch Fitting,,,
SP21LC,Patch Fitting,,,
P4346,Hardware 3,,,
SP10,Patch Fitting,,,
SP10C,Patch Fitting,,,
SP20,Patch Fitting,,,
SP20C,Patch Fitting,,,
SP20PC,Patch Fitting,,,
SP23,Patch Fitting,,,
SP23C,Patch Fitting,,,
SP24,Patch Fitting,,,
SP24C,Patch Fitting,,,
SP30,Patch Fitting,,,
SP30C,Patch Fitting,,,
SP40,Patch Fitting,,,
SP40C,Patch Fitting,,,
SP41L,Patch Fitting,,,
SP41LC,Patch Fitting,,,
SP41R,Patch Fitting,,,
SP41RC,Patch Fitting,,,
SP50,Patch Fitting,,,
SP50C,Patch Fitting,,,
SP50-LU,Patch Fitting,,,
SP52,Patch Fitting,,,
SP52C,Patch Fitting,,,
SP52-WP,Patch Fitting,,,
SP52-WPC,Patch Fitting,,,
SP53,Patch Fitting,,,
SP53C,Patch Fitting,,,
SP54C,Patch Fitting,,,
SP55,Patch Fitting,,,
SP550,Patch Fitting,,,
SP550-BP,Hardware 3,,,
SP550C,Patch Fitting,,,
SP600,Patch Fitting,,,
SP600C,Patch Fitting,,,
SP610,Patch Fitting,,,
SP610C,Patch Fitting,,,
SP610PC,Patch Fitting,,,
SP620,Patch Fitting,,,
SP620C,Patch Fitting,,,
SP620PC,Patch Fitting,,,
SP71,Patch Fitting,,,
SP72,Patch Fitting,,,
SP72-BP,Patch Fitting,,,
SP72C,Patch Fitting,,,
SP72-SP,Patch Fitting,,,
SP80,Patch Fitting,,,
SP80-BP,Patch Fitting,,,
SP80C,Patch Fitting,,,
SP80-SP,Patch Fitting,,,
SP84,Patch Fitting,,,
SP84-BP,Patch Fitting,,,
SP84C,Patch Fitting,,,
SP84-SP,Patch Fitting,,,
SP90,Patch Fitting,,,
SP90-BP,Patch Fitting,,,
SP90C,Patch Fitting,,,
SP90-SP,Patch Fitting,,,
XD-111,Patch Fitting,,,
PHT-450S,Patch Fitting,,,
PHT-300S,Patch Fitting,,,
PHS-600S,Patch Fitting,,,
PHS-450S,Patch Fitting,,,
PHS-300S,Patch Fitting,,,
LPHS-850S,Patch Fitting,,,
LPHR-850S,Patch Fitting,,,
IM-H-1,Bulk Hardware 2,,,
PCF-5040P,Hardware 3,,,
PCF-5040S,Hardware 3,,,
PCG-5040-10,Hardware 3,,,
PCG-5040-12,Hardware 3,,,
PCG-5040-6,Hardware 3,,,
PCG-5040-8,Hardware 3,,,
PCG-6345-8,Hardware 3,,,
PCR-6345S,Hardware 3,,,
BSM-612,Hardware 4,,,
BSM-511,Hardware 4,,,
BSM-511-30,Hardware 4,,,
BSM-511-40,Hardware 4,,,
BSM-511-6030,Hardware 4,,,
BSM-511-6040,Hardware 4,,,
BSM-511-SL,Hardware 4,,,
BSM-512,Hardware 4,,,
BSM-591,Hardware 4,,,
BSM-611,Hardware 4,,,
BSM-611-SL,Hardware 4,,,
SMS-302,Hardware 4,,,
BGH-601-90,Hardware 4,,,
BGH-602-180,Hardware 4,,,
BGH-611-90,Hardware 4,,,
BGH-612-180,Hardware 4,,,
BFM-511,Hardware 4,,,
BFM-511-ADS,Hardware 4,,,
BFM-511-CP,Hardware 4,,,
BFM-611,Hardware 4,,,
SMS-004P,Hardware 4,,,
BGL-601-90,Hardware 4,,,
BGL-602-180,Hardware 4,,,
BGL-611-90,Hardware 4,,,
BGL-612-180,Hardware 4,,,
GSG-2030-SN,Patch Fitting,,,
GSG-2525-SH,Patch Fitting,,,
GSG-2525-SN,Patch Fitting,,,
GSG-2530-SH,Patch Fitting,,,
GSG-3030-SH,Patch Fitting,,,
GSG-3030-SN,Patch Fitting,,,
GSG-3040-SH,Patch Fitting,,,
GSG-5525-CH,Patch Fitting,,,
GSG-5525-SH,Patch Fitting,,,
GSH-293G,Hardware 4,,,
GSH-293W,Hardware 4,,,
GSH-201,Hardware 1,,,
GSH-201,Bulk Hardware 1,,,
GSH-201,Bulk Hardware 2,,,
GSH-202,Hardware 1,,,
GSH-202,Bulk Hardware 1,,,
GSH-202,Bulk Hardware 2,,,
GSH-203,Hardware 1,,,
GSH-203,Bulk Hardware 1,,,
GSH-203,Bulk Hardware 2,,,
GSH-203-FIN,Hardware 3,,,
GSH-203G,Hardware 1,,,
GSH-203G,Bulk Hardware 1,,,
GSH-203G,Bulk Hardware 2,,,
GSH-203W,Hardware 1,,,
GSH-203W,Bulk Hardware 1,,,
GSH-203W,Bulk Hardware 2,,,
GSH-211,Hardware 4,,,
GSH-212,Hardware 4,,,
GSH-213,Hardware 4,,,
GSH-283,Hardware 4,,,
SH-J103,Hardware 1,,,
SH-J82,Hardware 1,,,
SH-J82,Bulk Hardware 1,,,
SH-J82,Bulk Hardware 2,,,
SH-J83,Hardware 1,,,
SH-J83,Bulk Hardware 1,,,
SH-J83,Bulk Hardware 2,,,
STA-GPS,Hardware 3,,,
STA-SC-GM,Bulk Hardware 1,,,
STA-SC-GM,Bulk Hardware 2,,,
STA-SC-WM,Bulk Hardware 1,,,
STA-SC-WM,Bulk Hardware 2,,,
DK-291,Hardware 4,,,
DK-291A,Hardware 4,,,
DK-291A,Bulk Hardware 1,,,
DK-291A,Bulk Hardware 2,,,
DK-292A,Hardware 4,,,
BHDR-1000B,Loose MetalÊ,,,
BHDR-1000MB,Loose MetalÊ,,,
BHDR-1000N,Loose MetalÊ,,,
BHDR-1500B,Loose MetalÊ,,,
BHDR-1500MB,Loose MetalÊ,,,
BHDR-1500N,Loose MetalÊ,,,
DLS-HDR-1000B,Loose MetalÊ,,,
DLS-HDR-1000N,Loose MetalÊ,,,
DLS-HDR-1500B,Loose MetalÊ,,,
DLS-HDR-1500N,Loose MetalÊ,,,
SLHR-1000B,Loose MetalÊ,,,
SLHR-1000N,Loose MetalÊ,,,
SLHR-1500B,Loose MetalÊ,,,
SLHR-1500N,Loose MetalÊ,,,
BCP-1000B,Loose MetalÊ,,,
BCP-1000N,Loose MetalÊ,,,
BCP-1500B,Loose MetalÊ,,,
BCP-1500N,Loose MetalÊ,,,
HMP-1000,Loose MetalÊ,,,
HMP-1500,Loose MetalÊ,,,
MCP-1001A,Loose MetalÊ,,,
MCP-1001B,Loose MetalÊ,,,
MCP-1001MB,Loose MetalÊ,,,
MCP-1001N,Loose MetalÊ,,,
MCP-1501A,Loose MetalÊ,,,
MCP-1501B,Loose MetalÊ,,,
MCP-1501MB,Loose MetalÊ,,,
MCP-1501N,Loose MetalÊ,,,
SLW-0750B,Loose MetalÊ,,,
SLW-0750N,Loose MetalÊ,,,
SLW-1000B,Loose MetalÊ,,,
SLW-1000MB,Loose MetalÊ,,,
SLW-1000N,Loose MetalÊ,,,
SLW-1500B,Loose MetalÊ,,,
SLW-1500N,Loose MetalÊ,,,
CHNL-21-10N,Loose MetalÊ,,,
I-CHL-8-10B,Loose MetalÊ,,,
I-CHL-8-10MB,Loose MetalÊ,,,
I-CHL-8-10N,Loose MetalÊ,,,
I-CHL-8-15B,Loose MetalÊ,,,
I-CHL-8-15MB,Loose MetalÊ,,,
I-CHL-8-15N,Loose MetalÊ,,,
U-CHL-10-10B,Loose MetalÊ,,,
U-CHL-10-10BR,Loose MetalÊ,,,
U-CHL-10-10MB,Loose MetalÊ,,,
U-CHL-10-10N,Loose MetalÊ,,,
U-CHL-10-15B,Loose MetalÊ,,,
U-CHL-10-15MB,Loose MetalÊ,,,
U-CHL-10-15N,Loose MetalÊ,,,
AIA12-2000B,Loose Metal 2,,,
AIA12-3000B,Loose Metal 2,,,
AIA15-2000B,Loose Metal 2,,,
AIA15-3000B,Loose Metal 2,,,
AIA25-2000B,Loose Metal 2,,,
AIA25-3000B,Loose Metal 2,,,
FLB10-2000B,Loose Metal 2,,,
FLB10-3000B,Loose Metal 2,,,
FLB12-2000B,Loose Metal 2,,,
FLB12-3000B,Loose Metal 2,,,
FLB15-2000B,Loose Metal 2,,,
FLB15-3000B,Loose Metal 2,,,
FLB19-2000B,Loose Metal 2,,,
FLB19-3000B,Loose Metal 2,,,
FLB25-2000B,Loose Metal 2,,,
FLB25-3000B,Loose Metal 2,,,
WB-2500N,Loose Metal 2,,,
TCB-1000N,Loose MetalÊ,,,
TCF-1000N,Loose MetalÊ,,,
TCF-1500N,Loose MetalÊ,,,
SB19-1000B,Loose MetalÊ,,,
SB19-1000MB,Loose MetalÊ,,,
SB19-1000N,Loose MetalÊ,,,
SB19-1500AB,Loose MetalÊ,,,
SB19-1500B,Loose MetalÊ,,,
SB19-1500MB,Loose MetalÊ,,,
SB19-1500N,Loose MetalÊ,,,
ST19-1000B,Loose MetalÊ,,,
ST19-1500B,Loose MetalÊ,,,
SM090-08B,Bulk Seals,,,
SM090-08B,Loose Seals,,,
SM090-10B,Bulk Seals,,,
SM090-10B,Loose Seals,,,
SM135-06B,Bulk Seals,,,
SM135-06B,Loose Seals,,,
SM135-08B,Bulk Seals,,,
SM135-08B,Loose Seals,,,
SM135-10B,Bulk Seals,,,
SM135-10B,Loose Seals,,,
SM180-06B,Bulk Seals,,,
SM180-06B,Loose Seals,,,
SM180-08B,Bulk Seals,,,
SM180-08B,Loose Seals,,,
SM180-10B,Bulk Seals,,,
SM180-10B,Loose Seals,,,
TSS-008A-10,Bulk Seals,,,
TSS-008A-10,Loose Seals,,,
TSS-008A-12,Bulk Seals,,,
TSS-008A-12,Loose Seals,,,
TSS-008A-6,Bulk Seals,,,
TSS-008A-6,Loose Seals,,,
TSS-008A-8,Bulk Seals,,,
TSS-008A-8,Loose Seals,,,
TSS-008B-10,Bulk Seals,,,
TSS-008B-10,Loose Seals,,,
TSS-008B-8,Bulk Seals,,,
TSS-008B-8,Loose Seals,,,
TSS-008C-10,Bulk Seals,,,
TSS-008C-10,Loose Seals,,,
TSS-008C-6,Bulk Seals,,,
TSS-008C-6,Loose Seals,,,
TSS-008C-8,Bulk Seals,,,
TSS-008C-8,Loose Seals,,,
PSS-003-8,Bulk Seals,,,
PSS-003-8,Loose Seals,,,
PSS-003A-8,Bulk Seals,,,
PSS-003A-8,Loose Seals,,,
PSS-009B1-10,Bulk Seals,,,
PSS-009B1-10,Loose Seals,,,
PSS-009B1-8,Bulk Seals,,,
PSS-009B1-8,Loose Seals,,,
PUV-003-10,Loose Seals,,,
PUV-003-10,Bulk Seals,,,
PUV-003A-10,Bulk Seals,,,
PUV-003A-10,Loose Seals,,,
IS-180-10,Bulk Seals,,,
IS-180-10,Loose Seals,,,
IS-180-12,Bulk Seals,,,
IS-180-12,Loose Seals,,,
IS-180-8,Bulk Seals,,,
IS-180-8,Loose Seals,,,
IS-90-8,Bulk Seals,,,
IS-90-8,Loose Seals,,,
OXB-11-19,Bulk Seals,,,
OXB-11-19,Loose Seals,,,
OXB-1-19,Bulk Seals,,,
OXB-1-19,Loose Seals,,,
RSM090-08B,Bulk Seals,,,
RSM090-08B,Loose Seals,,,
RSM090-10B,Bulk Seals,,,
RSM090-10B,Loose Seals,,,
RSS-008A-10,Bulk Seals,,,
RSS-008A-10,Loose Seals,,,
RSS-008A-6,Loose Seals,,,
RSS-008A-6,Bulk Seals,,,
RSS-008A-8,Bulk Seals,,,
RSS-008A-8,Loose Seals,,,
OXB-12,Bulk Seals,,,
OXB-12,Loose Seals,,,
TSS-001-10,Bulk Seals,,,
TSS-001-10,Loose Seals,,,
TSS-001-12,Bulk Seals,,,
TSS-001-12,Loose Seals,,,
TSS-001-8,Bulk Seals,,,
TSS-001-8,Loose Seals,,,
TSS-001-8-5,Bulk Seals,,,
TSS-001-8-5,Loose Seals,,,
TSS-002-8,Bulk Seals,,,
TSS-002-8,Loose Seals,,,
TSS-003-10,Bulk Seals,,,
TSS-003-10,Loose Seals,,,
TSS-003-10-2,Bulk Seals,,,
TSS-003-10-2,Loose Seals,,,
TSS-003-10-22,Bulk Seals,,,
TSS-003-10-22,Loose Seals,,,
TSS-003-8,Bulk Seals,,,
TSS-003-8,Loose Seals,,,
TSS-003-8-10,Bulk Seals,,,
TSS-003-8-10,Loose Seals,,,
TSS-003-8-22,Bulk Seals,,,
TSS-003-8-22,Loose Seals,,,
TSS-003A-10,Bulk Seals,,,
TSS-003A-10,Loose Seals,,,
TSS-003A-8,Bulk Seals,,,
TSS-003A-8,Loose Seals,,,
TSS-004-10,Bulk Seals,,,
TSS-004-10,Loose Seals,,,
TSS-004-8,Bulk Seals,,,
TSS-004-8,Loose Seals,,,
TSS-004-8-12,Bulk Seals,,,
TSS-004-8-12,Loose Seals,,,
TSS-004-8-24,Bulk Seals,,,
TSS-004-8-24,Loose Seals,,,
TSS-005-10,Bulk Seals,,,
TSS-005-10,Loose Seals,,,
TSS-005-6,Bulk Seals,,,
TSS-005-6,Loose Seals,,,
TSS-005-8,Bulk Seals,,,
TSS-005-8,Loose Seals,,,
TSS-005A-10,Bulk Seals,,,
TSS-005A-10,Loose Seals,,,
TSS-005A-8,Bulk Seals,,,
TSS-005A-8,Loose Seals,,,
TSS-005D-10,Bulk Seals,,,
TSS-005D-10,Loose Seals,,,
TSS-006-8,Bulk Seals,,,
TSS-006-8,Loose Seals,,,
TSS-007-10,Bulk Seals,,,
TSS-007-10,Loose Seals,,,
TSS-007-12,Bulk Seals,,,
TSS-007-12,Loose Seals,,,
TSS-007-8,Bulk Seals,,,
TSS-007-8,Loose Seals,,,
TSS-009-8,Bulk Seals,,,
TSS-009-8,Loose Seals,,,
TSS-009A-10,Bulk Seals,,,
TSS-009A-10,Loose Seals,,,
TSS-009B1-10,Bulk Seals,,,
TSS-009B1-10,Loose Seals,,,
TSS-009B1-12,Bulk Seals,,,
TSS-009B1-12,Loose Seals,,,
TSS-009B1-6,Bulk Seals,,,
TSS-009B1-6,Loose Seals,,,
TSS-009B1-8,Bulk Seals,,,
TSS-009B1-8,Loose Seals,,,
TSS-011A-10,Bulk Seals,,,
TSS-011A-10,Loose Seals,,,
TSS-011A-8,Bulk Seals,,,
TSS-011A-8,Loose Seals,,,
TSS-011B-10,Bulk Seals,,,
TSS-011B-10,Loose Seals,,,
TSS-011B-8,Loose Seals,,,
TSS-011B-8,Bulk Seals,,,
TSS-011C-10,Bulk Seals,,,
TSS-011C-10,Loose Seals,,,
TSS-011C-6,Bulk Seals,,,
TSS-011C-6,Loose Seals,,,
TSS-011C-8,Bulk Seals,,,
TSS-011C-8,Loose Seals,,,
TSS-012A-8,Bulk Seals,,,
TSS-012A-8,Loose Seals,,,
TSS-015D-10,Bulk Seals,,,
TSS-015D-10,Loose Seals,,,
TUV-001-12,Bulk Seals,,,
TUV-001-12,Loose Seals,,,
TUV-003-12,Bulk Seals,,,
TUV-003-12,Loose Seals,,,
TUV-003A-12,Loose Seals,,,
TUV-003A-12,Bulk Seals,,,
TUV-007-12,Bulk Seals,,,
TUV-007-12,Loose Seals,,,
TUV-04A-12,Bulk Seals,,,
TUV-04A-12,Loose Seals,,,
GC-791,Hardware 4,,,
GC-791,Bulk Hardware 1,,,
GC-791,Bulk Hardware 2,,,
GC-792,Hardware 4,,,
GC-792,Bulk Hardware 1,,,
GC-792,Bulk Hardware 2,,,
GC-794,Hardware 4,,,
GC-794,Bulk Hardware 1,,,
GC-794,Bulk Hardware 2,,,
GC-795,Hardware 4,,,
GC-795,Bulk Hardware 1,,,
GC-795,Bulk Hardware 2,,,
GC-796,Hardware 4,,,
GC-796,Bulk Hardware 1,,,
GC-796,Bulk Hardware 2,,,
GC-401,Bulk Hardware 1,,,
GC-401,Bulk Hardware 2,,,
GC-401,Hardware 2,,,
GC-402,Bulk Hardware 1,,,
GC-402,Bulk Hardware 2,,,
GC-402,Hardware 2,,,
GC-403,Bulk Hardware 1,,,
GC-403,Bulk Hardware 2,,,
GC-403,Hardware 2,,,
GC-404,Bulk Hardware 1,,,
GC-404,Bulk Hardware 2,,,
GC-404,Hardware 2,,,
GC-405,Hardware 2,,,
GC-405,Bulk Hardware 1,,,
GC-405,Bulk Hardware 2,,,
GC-406,Bulk Hardware 1,,,
GC-406,Bulk Hardware 2,,,
GC-406,Hardware 2,,,
GC-407,Bulk Hardware 1,,,
GC-407,Bulk Hardware 2,,,
GC-407,Hardware 2,,,
GC-501,Bulk Hardware 1,,,
GC-501,Bulk Hardware 2,,,
GC-501,Hardware 2,,,
GC-501-D,Bulk Hardware 1,,,
GC-501-D,Bulk Hardware 2,,,
GC-501-D,Hardware 2,,,
GC-502,Bulk Hardware 1,,,
GC-502,Bulk Hardware 2,,,
GC-502,Hardware 2,,,
GC-503,Hardware 2,,,
GC-503,Bulk Hardware 1,,,
GC-503,Bulk Hardware 2,,,
GC-504,Hardware 2,,,
GC-504,Bulk Hardware 1,,,
GC-504,Bulk Hardware 2,,,
GC-505,Hardware 2,,,
GC-505,Bulk Hardware 1,,,
GC-505,Bulk Hardware 2,,,
GC-506,Hardware 2,,,
GC-506,Bulk Hardware 1,,,
GC-506,Bulk Hardware 2,,,
GC-701,Hardware 2,,,
GC-701,Bulk Hardware 2,,,
GC-701,Bulk Hardware 1,,,
GC-701-D,Hardware 2,,,
GC-701-D,Bulk Hardware 1,,,
GC-701-D,Bulk Hardware 2,,,
GC-702,Bulk Hardware 1,,,
GC-702,Bulk Hardware 2,,,
GC-702,Hardware 2,,,
GC-703,Hardware 2,,,
GC-703,Bulk Hardware 1,,,
GC-703,Bulk Hardware 2,,,
GC-704,Hardware 2,,,
GC-704,Bulk Hardware 1,,,
GC-704,Bulk Hardware 2,,,
GC-705,Hardware 2,,,
GC-705,Bulk Hardware 1,,,
GC-705,Bulk Hardware 2,,,
GC-705W,Bulk Hardware 1,,,
GC-705W,Bulk Hardware 2,,,
GC-705W,Hardware 2,,,
GC-706,Bulk Hardware 1,,,
GC-706,Bulk Hardware 2,,,
GC-706,Hardware 2,,,
GC-901,Hardware 2,,,
GC-901,Bulk Hardware 1,,,
GC-901,Bulk Hardware 2,,,
GC-902,Hardware 2,,,
GC-902,Bulk Hardware 1,,,
GC-902,Bulk Hardware 2,,,
GC-903,Hardware 2,,,
GC-903,Bulk Hardware 1,,,
GC-903,Bulk Hardware 2,,,
GC-904,Hardware 2,,,
GC-904,Bulk Hardware 1,,,
GC-904,Bulk Hardware 2,,,
GC-905,Hardware 2,,,
GC-905,Bulk Hardware 1,,,
GC-905,Bulk Hardware 2,,,
GC-906,Bulk Hardware 1,,,
GC-906,Bulk Hardware 2,,,
GC-906,Hardware 2,,,
GC-801,Bulk Hardware 2,,,
GC-801-D,Bulk Hardware 2,,,
GC-802,Bulk Hardware 2,,,
GC-803,Bulk Hardware 1,,,
GC-803,Bulk Hardware 2,,,
GC-803,Hardware 2,,,
GC-804,Bulk Hardware 1,,,
GC-804,Bulk Hardware 2,,,
GC-804,Hardware 2,,,
GC-805,Hardware 2,,,
GC-805,Bulk Hardware 1,,,
GC-805,Bulk Hardware 2,,,
GC-805W,Bulk Hardware 1,,,
GC-805W,Bulk Hardware 2,,,
GC-805W,Hardware 2,,,
GC-806,Bulk Hardware 1,,,
GC-806,Bulk Hardware 2,,,
GC-806,Hardware 2,,,
GC-807,Bulk Hardware 1,,,
GC-807,Bulk Hardware 2,,,
GC-807,Hardware 2,,,
GC-811,Hardware 4,,,
GC-811,Bulk Hardware 1,,,
GC-812,Hardware 4,,,
GC-812,Bulk Hardware 1,,,
GC-813,Hardware 4,,,
GC-813,Bulk Hardware 1,,,
GC-814,Hardware 4,,,
GC-814,Bulk Hardware 1,,,
GC-815,Hardware 4,,,
GC-815,Bulk Hardware 1,,,
GC-816,Hardware 4,,,
GC-816,Bulk Hardware 1,,,
GC-817,Hardware 4,,,
GC-817,Bulk Hardware 1,,,
GC-711,Hardware 4,,,
GC-711,Bulk Hardware 1,,,
GC-711-D,Hardware 4,,,
GC-712,Hardware 4,,,
GC-712,Bulk Hardware 1,,,
GC-713,Hardware 4,,,
GC-713,Bulk Hardware 1,,,
GC-714,Hardware 4,,,
GC-714,Bulk Hardware 1,,,
GC-716,Hardware 4,,,
GC-716,Bulk Hardware 1,,,
GC-781,Hardware 4,,,
GC-782,Hardware 4,,,
GC-783,Hardware 4,,,
GC-784,Hardware 4,,,
GC-785,Hardware 4,,,
GC-786,Hardware 4,,,
SDH-811-360,Hardware 4,,,
SDH-811-360,Bulk Hardware 1,,,
SDH-811-360,Bulk Hardware 2,,,
SDH-811-90HP,Hardware 4,,,
SDH-811-90HP,Bulk Hardware 1,,,
SDH-811-90HP,Bulk Hardware 2,,,
SDH-812-135,Hardware 4,,,
SDH-812-135,Bulk Hardware 1,,,
SDH-812-135,Bulk Hardware 2,,,
SDH-812-180,Hardware 4,,,
SDH-812-180,Bulk Hardware 1,,,
SDH-812-180,Bulk Hardware 2,,,
SDH-812-90,Hardware 4,,,
SDH-812-90,Bulk Hardware 1,,,
SDH-812-90,Bulk Hardware 2,,,
GDH-602,Hardware 2,,,
GDH-602,Bulk Hardware 1,,,
GDH-602,Bulk Hardware 2,,,
GDH-603,Hardware 2,,,
GDH-603,Bulk Hardware 1,,,
GDH-603,Bulk Hardware 2,,,
GDH-604,Hardware 2,,,
GDH-604,Bulk Hardware 1,,,
GDH-604,Bulk Hardware 2,,,
SDH-901-90HP,Hardware 2,,,
SDH-901-90HP,Bulk Hardware 1,,,
SDH-901-90HP,Bulk Hardware 2,,,
SDH-902-135,Hardware 2,,,
SDH-902-135,Bulk Hardware 1,,,
SDH-902-135,Bulk Hardware 2,,,
SDH-902-180,Hardware 2,,,
SDH-902-180,Bulk Hardware 1,,,
SDH-902-180,Bulk Hardware 2,,,
SDH-902-90,Hardware 2,,,
SDH-902-90,Bulk Hardware 1,,,
SDH-902-90,Bulk Hardware 2,,,
SDH-801-135,Hardware 2,,,
SDH-801-135,Bulk Hardware 1,,,
SDH-801-135,Bulk Hardware 2,,,
SDH-801-360,Hardware 2,,,
SDH-801-360,Bulk Hardware 1,,,
SDH-801-360,Bulk Hardware 2,,,
M10-DN,Hardware 4,,,
M4*6-GS,Hardware 3,,,
M5*25-CSA,Hardware 3,,,
M5*6-GS,Hardware 3,,,
M6*12-CSA,Hardware 3,,,
M6*16-CSA-B,Hardware 3,,,
M6*25-GS-B,Hardware 3,,,
M6*50-GS-B,Hardware 3,,,
M6*40-HCS,Hardware 4,,,
M6*10-CSA,Hardware 3,,,
M6*55-RB,Hardware 4,,,
M6*6-GS,Hardware 3,,,
M8*14-GS-P,Hardware 4,,,
M8*20-HB,Hardware 4,,,
M8*25-CSA,Hardware 3,,,
M8*25-HB,Hardware 4,,,
M8*30-DA,Hardware 4,,,
M8*4-NUT,Hardware 4,,,
M8*65-RBS,Hardware 4,,,
M8*80-HB,Hardware 4,,,
N10*38-CSP,Hardware 3,,,
N10*50-CSP,Hardware 3,,,
N10*50-CSP-B,Hardware 3,,,
N12*100-CSP,Hardware 3,,,
N6*30-STP,Hardware 3,,,
N8*38-CSP,Hardware 3,,,
N8*38-CSP-B,Hardware 3,,,
S6*30-PLUG,Hardware 3,,,
S8*40-PLUG,Hardware 3,,,
BWG-1,Bulk Hardware 1,,,
BWG-1,Bulk Hardware 2,,,
BWG-2,Bulk Hardware 1,,,
BWG-2,Bulk Hardware 2,,,
BWG-3,Bulk Hardware 1,,,
BWG-3,Bulk Hardware 2,,,
M6*12-SB,Hardware 4,,,
PT-02*6-50,Hardware 3,,,
PT-08*8-60,Hardware 3,,,
PT-20*7-18,Hardware 3,,,
PT-20*9-18,Hardware 3,,,
PT-ADJ-AP,Hardware 3,,,
LOCKTIGHT,Hardware 3,,,
OIL3IN1,Hardware 3,,,
BT-4850,Hardware 2,,,
MT-2440,Hardware 2,,,
NANO-KIT,Hardware 3,,,
NANO-ORB,Hardware 3,,,
NANO-CLE301,Hardware 3,,,
NANO-CLE301-500,Hardware 3,,,
NANO-E2C105,Hardware 3,,,
NANO-E2C105-500,Hardware 3,,,
NANO-E2C113,Hardware 3,,,
NANO-E2C113-500,Hardware 3,,,
CS-ACT,Hardware 3,,,
CS-CAC-300,Hardware 3,,,
CS-CAC-500,Hardware 3,,,
CS-CON-250,Hardware 3,,,
CS-CON-500,Hardware 3,,,
CS-DBS,Hardware 3,,,
CS-DEMO,Hardware 3,,,
CS-HHDB,Hardware 3,,,
CS-LIM-500,Hardware 3,,,
CS-MFC,Hardware 3,,,
CS-MS,Hardware 3,,,
CS-NEU-500,Hardware 3,,,
CS-PCC-500,Hardware 3,,,
CS-RP-500,Hardware 3,,,
CS-SBP-500,Hardware 3,,,
CS-SHP-500,Hardware 3,,,
CS-TB,Hardware 3,,,
CS-TBSL,Hardware 3,,,
CS-UDB,Hardware 3,,,
SRHW-000P,Hardware 3,,,
SRHG-000P,Hardware 3,,,
SRHG-000MB,Hardware 3,,,
SRDW-000P,Hardware 3,,,
SRDG-000P,Hardware 3,,,
SHOW-000P,Hardware 3,,,
SHOG-000P,Hardware 3,,,
OXB-792P,Hardware 3,,,
SSH-000P,Hardware 4,,,
SSD-000P,Hardware 4,,,
SSB-000P,Hardware 4,,,
SRI-000P,Hardware 4,,,
SGS-345P,Hardware 4,,,
SGS-000P,Hardware 4,,,
STA-TBH-C,Hardware 4,,,
SBW-000P,Hardware 4,,,
SBF-000P,Hardware 4,,,
SDF-000P,Hardware 4,,,
DSC-501,Hardware 4,,,
DSH-501,Hardware 4,,,
AP2550,Hardware 1,,,
SS2020P,Hardware 1,,,
SS2020S,Hardware 1,,,
SS2530P,Hardware 1,,,
SS2530S,Hardware 1,,,
SDH-801-90,Hardware 2,,,
SDH-801-90,Bulk Hardware 1,,,
SDH-801-90,Bulk Hardware 2,,,
SDH-801-90HP,Hardware 2,,,
SDH-801-90HP,Bulk Hardware 1,,,
SDH-801-90HP,Bulk Hardware 2,,,
SDH-802-135,Hardware 2,,,
SDH-802-135,Bulk Hardware 1,,,
SDH-802-135,Hardware 3,,,
SDH-802-135A,Hardware 2,,,
SDH-802-135A,Bulk Hardware 1,,,
SDH-802-135A,Bulk Hardware 2,,,
SDH-802-180,Hardware 2,,,
SDH-802-180,Bulk Hardware 1,,,
SDH-802-180,Bulk Hardware 2,,,
SDH-802-90,Hardware 2,,,
SDH-802-90,Bulk Hardware 1,,,
SDH-802-90,Hardware 2,,,
SDH-802-90A,Hardware 2,,,
SDH-802-90A,Bulk Hardware 1,,,
SDH-802-90A,Bulk Hardware 2,,,
STM-GGH-180L,Hardware 1,,,
STM-GGH-180L,Bulk Hardware 1,,,
STM-GGH-180L,Bulk Hardware 2,,,
STM-GGH-180R,Hardware 1,,,
STM-GGH-180R,Bulk Hardware 1,,,
STM-GGH-180R,Bulk Hardware 2,,,
STM-WGH-90L,Hardware 1,,,
STM-WGH-90L,Bulk Hardware 1,,,
STM-WGH-90L,Bulk Hardware 2,,,
STM-WGH-90R,Hardware 1,,,
STM-WGH-90R,Bulk Hardware 1,,,
STM-WGH-90R,Bulk Hardware 2,,,
SDH-701-135,Hardware 2,,,
SDH-701-135,Bulk Hardware 1,,,
SDH-701-135,Bulk Hardware 2,,,
SDH-701-90,Hardware 2,,,
SDH-701-90,Bulk Hardware 1,,,
SDH-701-90,Bulk Hardware 2,,,
SDH-701-90HP,Hardware 2,,,
SDH-701-90HP,Bulk Hardware 1,,,
SDH-701-90HP,Bulk Hardware 2,,,
SDH-702-135,Hardware 2,,,
SDH-702-135,Bulk Hardware 1,,,
SDH-702-135,Hardware 2,,,
SDH-702-135EC,Hardware 2,,,
SDH-702-135EC,Bulk Hardware 1,,,
SDH-702-135EC,Bulk Hardware 2,,,
SDH-702-180,Hardware 2,,,
SDH-702-180,Bulk Hardware 1,,,
SDH-702-180,Bulk Hardware 2,,,
SDH-702-90,Hardware 2,,,
SDH-702-90,Bulk Hardware 1,,,
SDH-702-90,Bulk Hardware 2,,,
SDH-704-360,Hardware 2,,,
SDH-708-360,Hardware 2,,,
SDH-711-90HP,Hardware 4,,,
SDH-711-90HP,Bulk Hardware 1,,,
SDH-711-90HP,Bulk Hardware 2,,,
SDH-712-135,Hardware 4,,,
SDH-712-135,Bulk Hardware 1,,,
SDH-712-135,Bulk Hardware 2,,,
H100T,Hardware 2,,,
H100T,Bulk Hardware 1,,,
H100T,Bulk Hardware 2,,,
H110T,Hardware 4,,,
SDH-712-180,Hardware 4,,,
SDH-712-180,Bulk Hardware 1,,,
SDH-712-180,Bulk Hardware 2,,,
SDH-714-360,Hardware 4,,,
SDH-714-360,Bulk Hardware 1,,,
SDH-714-360,Bulk Hardware 2,,,
SDH-781-90HP,Hardware 4,,,
SDH-782-135,Hardware 4,,,
SDH-782-180,Hardware 4,,,
SDH-784-360,Hardware 4,,,
SDH-501-90,Hardware 2,,,
SDH-501-90,Bulk Hardware 1,,,
SDH-501-90,Bulk Hardware 2,,,
SDH-501-90HP,Hardware 2,,,
SDH-501-90HP,Bulk Hardware 1,,,
SDH-501-90HP,Bulk Hardware 2,,,
SDH-502-135,Hardware 2,,,
SDH-502-135,Bulk Hardware 1,,,
SDH-502-135,Bulk Hardware 2,,,
SDH-502-135E,Hardware 2,,,
SDH-502-135E,Bulk Hardware 1,,,
SDH-502-135E,Bulk Hardware 2,,,
SDH-502-135U,Hardware 2,,,
SDH-502-135U,Bulk Hardware 1,,,
SDH-502-135U,Bulk Hardware 2,,,
SDH-502-180,Hardware 2,,,
SDH-502-180,Bulk Hardware 1,,,
SDH-502-180,Bulk Hardware 2,,,
SDH-502-90,Hardware 2,,,
SDH-502-90,Bulk Hardware 1,,,
SDH-502-90,Bulk Hardware 2,,,
SDH-402-180,Hardware 2,,,
SDH-402-180,Bulk Hardware 1,,,
SDH-402-180,Bulk Hardware 2,,,
OXB-403,Hardware 2,,,
OXB-403,Bulk Hardware 1,,,
OXB-403,Bulk Hardware 2,,,
OXB-405,Hardware 2,,,
OXB-405,Bulk Hardware 1,,,
OXB-405,Bulk Hardware 2,,,
OXB-406,Hardware 2,,,
OXB-406,Bulk Hardware 1,,,
OXB-406,Bulk Hardware 2,,,
SDH-791-90HP,Hardware 4,,,
SDH-791-90HP,Bulk Hardware 1,,,
SDH-791-90HP,Bulk Hardware 2,,,
SDH-792-135,Hardware 4,,,
SDH-792-135,Bulk Hardware 1,,,
SDH-792-135,Bulk Hardware 2,,,
SDH-792-180,Hardware 4,,,
SDH-792-180,Bulk Hardware 1,,,
SDH-792-180,Bulk Hardware 2,,,
SDH-792-90,Hardware 4,,,
SDH-792-90,Bulk Hardware 1,,,
SDH-792-90,Bulk Hardware 2,,,
SDH-301-90,Hardware 1,,,
SDH-301-90,Bulk Hardware 1,,,
SDH-301-90,Bulk Hardware 2,,,
SDH-301-90HP,Hardware 1,,,
SDH-301-90HP,Bulk Hardware 1,,,
SDH-301-90HP,Hardware 2,,,
SDH-302-180,Hardware 4,,,
SDH-302-180,Bulk Hardware 1,,,
SDH-302-180,Bulk Hardware 2,,,
MGGH-180LMB,Hardware 1,,,
MGGH-180LMB,Bulk Hardware 1,,,
MGGH-180LMB,Bulk Hardware 2,,,
MGGH-180RMB,Hardware 1,,,
MGGH-180RMB,Bulk Hardware 1,,,
MGGH-180RMB,Bulk Hardware 2,,,
MWGH-90LMB,Hardware 1,,,
MWGH-90LMB,Bulk Hardware 1,,,
MWGH-90LMB,Bulk Hardware 2,,,
MWGH-90RMB,Hardware 1,,,
MWGH-90RMB,Bulk Hardware 1,,,
MWGH-90RMB,Bulk Hardware 2,,,
GSH-301,Hardware 1,,,
GSH-301,Bulk Hardware 1,,,
GSH-301,Bulk Hardware 2,,,
GSH-301-S,Hardware 4,,,
GSH-301-S,Bulk Hardware 1,,,
GSH-301-S,Bulk Hardware 2,,,
GSH-401,Hardware 1,,,
GSH-401,Bulk Hardware 1,,,
GSH-401,Bulk Hardware 2,,,
GSH-401-S,Hardware 4,,,
GSH-401-S,Bulk Hardware 1,,,
GSH-401-S,Bulk Hardware 2,,,
KA-003*19,Hardware 1,,,
KA-003*19,Bulk Hardware 1,,,
KA-003*19,Bulk Hardware 2,,,
KA-003*19-S,Hardware 4,,,
KA-003*19-S,Bulk Hardware 1,,,
KA-003*19-S,Bulk Hardware 2,,,
KA-101-*19,Hardware 1,,,
KA-101-*19,Bulk Hardware 1,,,
KA-101-*19,Bulk Hardware 2,,,
KA-101-*19B,Hardware 4,,,
KA-101-*19-S,Hardware 4,,,
KA-101-*19-S,Bulk Hardware 1,,,
KA-101-*19-S,Bulk Hardware 2,,,
KA-102*19,Hardware 1,,,
KA-102*19,Bulk Hardware 1,,,
KA-102*19,Bulk Hardware 2,,,
KA-102*19-S,Hardware 4,,,
KA-103*19,Hardware 1,,,
KA-103*19,Bulk Hardware 1,,,
KA-103*19,Bulk Hardware 2,,,
KA-103*19-B,Hardware 4,,,
KA-103*19-S,Hardware 4,,,
KA-106*19,Hardware 1,,,
KA-106*19,Bulk Hardware 1,,,
KA-106*19,Bulk Hardware 2,,,
KA-107*19,Hardware 1,,,
KA-107*19,Bulk Hardware 1,,,
KA-107*19,Bulk Hardware 2,,,
KA-107*19-B,Hardware 4,,,
KA-109*19,Hardware 1,,,
KA-109*19,Bulk Hardware 1,,,
KA-109*19,Bulk Hardware 2,,,
KA-111*19,Hardware 1,,,
KA-111*19,Bulk Hardware 1,,,
KA-111*19,Bulk Hardware 2,,,
KA-111*19-B,Hardware 4,,,
KA-111*19-S,Hardware 4,,,
KA-181*19,Hardware 4,,,
STA-MSBR,Hardware 4,,,
OXB-962G,Hardware 4,,,
KA-201*19,Hardware 4,,,
KA-203*19,Hardware 4,,,
KA-191*19,Hardware 4,,,
KA-191*19,Bulk Hardware 1,,,
KA-191*19,Bulk Hardware 2,,,
KA-192*19,Hardware 4,,,
KA-192*19,Bulk Hardware 1,,,
KA-192*19,Bulk Hardware 2,,,
KA-193*19,Hardware 4,,,
KA-193*19,Bulk Hardware 1,,,
KA-193*19,Bulk Hardware 2,,,
KA-197*19,Hardware 4,,,
KA-197*19,Bulk Hardware 1,,,
KA-197*19,Bulk Hardware 2,,,
KA-199*19,Hardware 4,,,
KA-199*19,Bulk Hardware 1,,,
KA-199*19,Bulk Hardware 2,,,
SB19-3000N,Metal Bulk 4,,,
SB19-3000N,Metal Bulk 5,,,
SB19-3000N,Metal Bulk 6,,,
SB19-3000MB,Metal Bulk 6,,,
SB19-3000MB,Metal Bulk 5,,,
SB19-3000MB,Metal Bulk 4,,,
SB19-3000B,Metal Bulk 6,,,
SB19-3000B,Metal Bulk 5,,,
SB19-3000B,Metal Bulk 4,,,
SB19-2000N,Metal Bulk 6,,,
SB19-2000N,Metal Bulk 5,,,
SB19-2000N,Metal Bulk 4,,,
SB19-2000MB,Metal Bulk 6,,,
SB19-2000MB,Metal Bulk 5,,,
SB19-2000MB,Metal Bulk 4,,,
SB19-2000B,Metal Bulk 6,,,
SB19-2000B,Metal Bulk 5,,,
SB19-2000B,Metal Bulk 4,,,
DK-201,Hardware 1,,,
DK-201,Bulk Hardware 1,,,
DK-201,Bulk Hardware 2,,,
DK-201A,Hardware 1,,,
DK-201A,Bulk Hardware 1,,,
DK-201A,Bulk Hardware 2,,,
DK-213A,Hardware 1,,,
DK-213A,Bulk Hardware 1,,,
DK-213A,Bulk Hardware 2,,,
DK-214,Hardware 4,,,
DK-215A,Hardware 1,,,
DK-215A,Bulk Hardware 1,,,
DK-215A,Bulk Hardware 2,,,
DK-232,Bulk Hardware 1,,,
DK-232,Bulk Hardware 1,,,
DK-232,Bulk Hardware 2,,,
DK-232A,Hardware 1,,,
DK-232A,Bulk Hardware 1,,,
DK-232A,Bulk Hardware 2,,,
DK-203,Hardware 1,,,
DK-203,Bulk Hardware 1,,,
DK-203,Bulk Hardware 2,,,
DK-204,Loose Metal 2,,,
DK-204,Bulk Hardware 1,,,
DK-204,Bulk Hardware 2,,,
DK-204A,Hardware 1,,,
DK-204A,Bulk Hardware 1,,,
DK-204A,Bulk Hardware 2,,,
DK-205,Hardware 1,,,
DK-205,Bulk Hardware 1,,,
DK-205,Bulk Hardware 2,,,
DK-205A,Hardware 1,,,
DK-205A,Bulk Hardware 1,,,
DK-205A,Bulk Hardware 2,,,
DK-209A,Hardware 1,,,
DK-209A,Bulk Hardware 1,,,
DK-209A,Bulk Hardware 2,,,
DK-209W,Hardware 1,,,
DK-209W,Bulk Hardware 1,,,
DK-209W,Bulk Hardware 2,,,
DK-211,Hardware 4,,,
DK-212,Hardware 4,,,
DK-281,Hardware 4,,,
DK-MDSH,Hardware 1,,,
DK-MDSH,Bulk Hardware 1,,,
DK-MDSH,Bulk Hardware 2,,,
STA-BBKN-25,Hardware 3,,,
STA-BBKN25-S,Hardware 3,,,
DK-232-H300,Hardware 1,,,
DK-232-H300,Bulk Hardware 1,,,
DK-232-H300,Bulk Hardware 2,,,
DK-232-H400,Hardware 1,,,
DK-232-H400,Bulk Hardware 1,,,
DK-232-H400,Bulk Hardware 2,,,
DK-201-H300,Hardware 1,,,
DK-201-H300,Bulk Hardware 1,,,
DK-201-H300,Bulk Hardware 2,,,
DK-201-H400,Hardware 1,,,
DK-201-H400,Bulk Hardware 1,,,
DK-201-H400,Bulk Hardware 2,,,
DK-201-H425,Hardware 1,,,
DK-201-H425,Bulk Hardware 1,,,
DK-201-H425,Bulk Hardware 2,,,
DK-201-H600,Hardware 1,,,
DK-201-H600,Bulk Hardware 2,,,
DK-201-H600,Bulk Hardware 1,,,
DK-211-H400,Hardware 1,,,
DK-211-H400,Bulk Hardware 1,,,
DK-211-H400,Bulk Hardware 2,,,
DK-232-H600,Hardware 1,,,
DK-232-H600,Bulk Hardware 1,,,
DK-232-H600,Bulk Hardware 2,,,
DK-291-H300,Hardware 1,,,
DK-291-H300,Bulk Hardware 1,,,
DK-291-H300,Bulk Hardware 2,,,
DK-291-H400,Hardware 1,,,
DK-291-H400,Bulk Hardware 1,,,
DK-291-H400,Bulk Hardware 2,,,
DK-292-H400,Hardware 1,,,
DK-292-H400,Bulk Hardware 1,,,
DK-292-H400,Bulk Hardware 2,,,
DK-292-H600,Hardware 1,,,
DK-292-H600,Bulk Hardware 1,,,
DK-292-H600,Bulk Hardware 2,,,
STA-HK-150,Hardware 4,,,
BH-030,Hardware 1,,,
BH-030,Bulk Hardware 1,,,
BH-030,Bulk Hardware 2,,,
BH-040,Hardware 1,,,
BH-040,Bulk Hardware 1,,,
BH-040,Bulk Hardware 2,,,
BH-060,Hardware 1,,,
BH-060,Bulk Hardware 1,,,
BH-060,Bulk Hardware 2,,,
BH-060-S,Hardware 1,,,
BH-060-S,Bulk Hardware 1,,,
BH-060-S,Bulk Hardware 2,,,
BH-930,Hardware 1,,,
BH-930,Bulk Hardware 1,,,
BH-930,Bulk Hardware 2,,,
BH-940,Hardware 1,,,
BH-940,Bulk Hardware 1,,,
BH-940,Bulk Hardware 2,,,
BH-960,Hardware 1,,,
BH-960,Bulk Hardware 1,,,
BH-960,Bulk Hardware 2,,,
RF001,Hardware 3,,,
SF001,Hardware 4,,,
SH-0300,Hardware 1,,,
SH-0300,Bulk Hardware 1,,,
SH-0300,Bulk Hardware 2,,,
SH-0400,Bulk Hardware 1,,,
SH-0400,Bulk Hardware 2,,,
SH-0600,Bulk Hardware 1,,,
SH-0600,Hardware 1,,,
SH-0600,Bulk Hardware 2,,,
SH-9400,Hardware 1,,,
SH-9400,Bulk Hardware 1,,,
SH-9400,Bulk Hardware 2,,,
BH-010,Hardware 1,,,
BH-010,Bulk Hardware 1,,,
BH-010,Bulk Hardware 2,,,
BH-910,Hardware 1,,,
BH-910,Bulk Hardware 1,,,
BH-910,Bulk Hardware 2,,,
SH-010,Hardware 1,,,
SH-010,Bulk Hardware 1,,,
SH-010,Bulk Hardware 2,,,
SH-910,Hardware 1,,,
SH-910,Bulk Hardware 1,,,
SH-910,Bulk Hardware 2,,,
BTK-ET,Hardware 2,,,
BTK-ET,Bulk Hardware 1,,,
BTK-ET,Bulk Hardware 2,,,
BTK-ET-S,Hardware 3,,,
STA-TRK-ET,Hardware 3,,,
STA-TRK-ET,Bulk Hardware 1,,,
STA-TRK-ET,Bulk Hardware 2,,,
STA-TRK-ET-S,Hardware 3,,,
STA-TRKK-ET,Hardware 3,,,
STA-TRKK-ET,Bulk Hardware 2,,,
STA-TRKK-ET,Bulk Hardware 2,,,
SS-DTR-KIT,Hardware 3,,,
SS-DTR-KIT,Bulk Hardware 1,,,
SS-DTR-KIT,Bulk Hardware 2,,,
STA-PH-KIT,Hardware 3,,,
STA-PH-KIT,Bulk Hardware 1,,,
STA-PH-KIT,Bulk Hardware 2,,,
STR-KIT,Hardware 3,,,
STR-KIT,Bulk Hardware 1,,,
STR-KIT,Bulk Hardware 2,,,
BH-001,Hardware 1,,,
BH-001,Bulk Hardware 1,,,
BH-001,Bulk Hardware 2,,,
BH-901,Hardware 1,,,
BH-901,Bulk Hardware 1,,,
BH-901,Bulk Hardware 2,,,
OXB-150-305,Hardware 1,,,
OXB-150-305,Bulk Hardware 1,,,
OXB-150-305,Bulk Hardware 2,,,
OXB-150-305S,Hardware 1,,,
OXB-150-305S,Bulk Hardware 1,,,
OXB-150-305S,Bulk Hardware 2,,,
OXB-150-425P,Hardware 1,,,
OXB-150-425P,Bulk Hardware 1,,,
OXB-150-425P,Bulk Hardware 2,,,
SH-001,Hardware 1,,,
SH-001,Bulk Hardware 1,,,
SH-001,Bulk Hardware 2,,,
SH-901,Hardware 1,,,
SH-901,Bulk Hardware 1,,,
SH-901,Bulk Hardware 2,,,
STA-H150-TR300,Hardware 1,,,
STA-H200-TR400,Hardware 1,,,
STA-H300-TR600,Hardware 1,,,
FH-036P,Hardware 3,,,
FH-036P,Bulk Hardware 1,,,
FH-036P,Bulk Hardware 2,,,
FH-055P,Hardware 3,,,
FH-055P,Bulk Hardware 1,,,
FH-055P,Bulk Hardware 2,,,
FH-155P,Hardware 3,,,
FH-155P,Bulk Hardware 1,,,
FH-155P,Bulk Hardware 2,,,
DK-292A,Bulk Hardware 1,,,
DK-292A,Bulk Hardware 2,,,
BSM-NGAS,Hardware 3,,,
BUF-15MM,Hardware 3,,,
BSM-601-END,Hardware 3,,,
BSM-601-SCW,Hardware 3,,,
CLAMP-SSFP,Hardware 3,,,
FH-036-GAS,Hardware 3,,,
GAC002,Hardware 3,,,
GAS002,Hardware 3,,,
FH-055-GAS,Hardware 3,,,
GFC002,Hardware 3,,,
GFH002,Hardware 3,,,
HDR-8MM-GAS-PM,Bulk Hardware 1,,,
HDR-8MM-GAS-PM,Bulk Hardware 2,,,
HDR-FL-CON,Hardware 3,,,
HDR-WBR,Hardware 3,,,
SCK-BUSH,Hardware 3,,,
SCK-GLM,Hardware 3,,,
SCK-GLM-NB,Hardware 3,,,
SCK-GLM-S,Hardware 3,,,
SCK-SSBUSH,Hardware 3,,,
SCK-WM,Hardware 3,,,
SRF01,Hardware 3,,,
SS-TB-I,Hardware 3,,,
SS-TB-R,Hardware 3,,,
STA-PVT-BL,Hardware 3,,,
STA-PVT-BLMOD,Hardware 3,,,
STA-UVM,Hardware 3,,,
STA-WM-KIT,Hardware 3,,,
TCG-FWEG,Bulk Hardware 1,,,
TCG-FWEG,Bulk Hardware 2,,,
VHB001,Hardware 3,,,
STA-SC-GM,Hardware 4,,,
STA-SC-WM,Hardware 4,,,
STG-COPL,Hardware 3,,,
STG-H40,Hardware 3,,,
STG-H45,Hardware 3,,,
STG-H60,Hardware 3,,,
STG-LIC,Hardware 3,,,
STG-N13,Hardware 3,,,
STG-OCBD,Hardware 3,,,
STG-OCBI,Hardware 3,,,
STG-OCBM,Hardware 3,,,
STG-OCBR6,Hardware 3,,,
STG-OCBR9,Hardware 3,,,
STG-OCC5,Hardware 3,,,
STG-OHS,Hardware 3,,,
STG-PR,Hardware 3,,,
STG-SDC,Hardware 3,,,
STG-TAN,Hardware 3,,,
STG-TEE1,Hardware 3,,,
STG-TEE2,Hardware 3,,,
STG-TES,Hardware 3,,,
STG-WLP,Hardware 3,,,
STG-10KW,Bulk Hardware 2,,,
STG-12KW,Bulk Hardware 2,,,
STG-18KW,Bulk Hardware 2,,,
STG-8KW,Bulk Hardware 2,,,
STG-SODS,Hardware 2,,,
EMP-ALP,Hardware 3,,,
EMP-CNB,Hardware 3,,,
EMP-CNP,Hardware 3,,,
EMP-DBC,Hardware 3,,,
EMP-KIT,Hardware 3,,,
EMP-RWB,Hardware 3,,,
EMP-WBR,Hardware 3,,,
HDR-FL-PRO,Hardware 3,,,
HRG006,Bulk Hardware 1,,,
HRG008,Bulk Hardware 1,,,
DP-CSB,Hardware 4,,,
DP-FLW,Hardware 4,,,
DP-FPL,Hardware 4,,,
DP-GFT,Hardware 4,,,
DP-GFT-AB,Hardware 4,,,
DP-RWH,Hardware 4,,,
DP-TOOL,Hardware 4,,,
DP-TSGP,Hardware 4,,,
DP-TSGP-G001,Hardware 4,,,
SCH-THWM-54,Hardware 4,,,
CSL-789D,Hardware 3,,,
CSL-789N,Hardware 3,,,
CSL-789PC,Hardware 3,,,
CSL-789T,Hardware 3,,,
CSL-CKIT,Hardware 3,,,
CSL-DBC,Hardware 3,,,
CSL-END,Hardware 3,,,
CSL-END-B,Hardware 3,,,
CSL-END-N,Hardware 3,,,
CSL-KIT,Hardware 3,,,
CSL-RWH,Hardware 3,,,
CSL-RWH-HD,Hardware 3,,,
CSL-SHIM,Hardware 3,,,
CSL-SKIT-B,Hardware 3,,,
CSL-SKIT-N,Hardware 3,,,
CSL-WBR,Hardware 3,,,
CSL-WKIT,Hardware 3,,,
HDR-135DC,Hardware 3,,,
HDR-90DC,Hardware 3,,,
SHR-PC,Hardware 3,,,
SL-0099P,Hardware 3,,,
SHR-789P,Hardware 3,,,
SHR-789P,Bulk Hardware 1,,,
SHR-789P,Bulk Hardware 2,,,
SHR-EC,Hardware 3,,,
SHR-EC,Bulk Hardware 1,,,
SHR-EC,Bulk Hardware 2,,,
SHR-S,Hardware 3,,,
SLG-798P,Hardware 3,,,
SLG-798P,Bulk Hardware 1,,,
SLG-798P,Bulk Hardware 2,,,
EDS-ALP,Hardware 3,,,
EDS-CRP,Hardware 3,,,
EDS-DS,Hardware 3,,,
EDS-GCC,Hardware 3,,,
EDS-GCK,Hardware 3,,,
EDS-ONE,Hardware 3,,,
EDS-RWH,Hardware 3,,,
EDS-WFL,Hardware 3,,,
RST-1000B,Loose MetalÊ,,,
RST-2000B,Metal Bulk 4,,,
RST-2000B,Metal Bulk 5,,,
RST-2000B,Metal Bulk 6,,,
RST-3000B,Metal Bulk 6,,,
RST-3000B,Metal Bulk 5,,,
RST-3000B,Metal Bulk 4,,,
KLW-1000P,Loose MetalÊ,,,
KLW-1500N,Loose MetalÊ,,,
KLW-3000P,Loose Metal 2,,,
KLW-M0825,Loose MetalÊ,,,
KLW-M0925,Loose MetalÊ,,,
GL-001,Hardware 3,,,
GL-002,Hardware 3,,,
GL-002F,Hardware 3,,,
GL-002M,Hardware 3,,,
GL-011,Hardware 3,,,
GL-012,Hardware 3,,,
GL-801,Hardware 3,,,
GL-801-SP,Hardware 3,,,
GL-802,Hardware 3,,,
GL-803,Hardware 3,,,
GL-804,Hardware 3,,,
OXB-1041,Hardware 3,,,
OXB-1042,Hardware 3,,,
BHR42-180,Metal Bulk 3,,,
BHR42-90,Hardware 3,,,
BHR42-AB,Hardware 3,,,
BHR42-EC,Hardware 3,,,
BHR42-RG12,Hardware 3,,,
BHR42-WF,Hardware 3,,,
SLHR-2000B,Loose Metal 2,,,
BCP-2000B,Loose Metal 2,,,
SLHR-2000N,Loose Metal 2,,,
BCP-2000MB,Loose Metal 2,,,
BCP-2000N,Loose Metal 2,,,
BCP-3000MB,Loose Metal 2,,,
BCP-3000N,Loose Metal 2,,,
BCP-3000B,Loose Metal 2,,,
BSP-2000B,Loose Metal 2,,,
BSP-2500N,Loose Metal 2,,,
BSP-1500B,Loose MetalÊ,,,
BSP-2000N,Loose Metal 2,,,
BSP-2500B,Loose Metal 2,,,
MCP-2001B,Loose Metal 2,,,
MCP-2001N,Loose Metal 2,,,
U-CHL-10-20B,Loose Metal 2,,,
U-CHL-10-20N,Loose Metal 2,,,
I-CHL-8-20B,Loose Metal 2,,,
I-CHL-8-20N,Loose Metal 2,,,
I-CHL-8-25B,Loose Metal 2,,,
CSLF-2000B,Loose Metal 2,,,
CSLT-2000B,Loose Metal 2,,,
CSLT-2000N,Loose Metal 2,,,
CSLF-2000N,Loose Metal 2,,,
CSLF-2500N,Loose Metal 2,,,
CSLT-2500N,Loose Metal 2,,,
CSLF-3000B,Loose Metal 2,,,
CSLF-3000N,Loose Metal 2,,,
CSLT-3000B,Loose Metal 2,,,
MPF-2000N,Loose Metal 2,,,
MPT-2000N,Loose Metal 2,,,
MPW-2000N,Loose Metal 2,,,
TCF-2000N,Loose Metal 2,,,
TCB-2000N,Loose Metal 2,,,
DLS-HDR-M2000,Loose Metal 2,,,
BHDR-2000N,Loose Metal 2,,,
CHNL-25-30B,Loose Metal 2,,,
CHNL-25-30MB,Loose Metal 2,,,
DLS-HDR-2500B,Loose Metal 2,,,
MPT-3000N,Loose Metal 2,,,
BHDR-2500MB,Loose Metal 2,,,
BHDR-2500N,Loose Metal 2,,,
HMP-3000,Loose Metal 2,,,
SLW-3000N,Loose Metal 2,,,
BHDR-2000B,Metal Bulk 4,,,
BHDR-2000B,Metal Bulk 5,,,
BHDR-2000B,Metal Bulk 6,,,
ARE-RC-51N,Metal Bulk 4,,,
ARE-RC-51N,Metal Bulk 5,,,
ARE-RC-51N,Metal Bulk 6,,,
ARE-RC-51BR,Metal Bulk 4,,,
ARE-RC-51BR,Metal Bulk 5,,,
ARE-RC-51BR,Metal Bulk 6,,,
ARE-RC-51WH,Metal Bulk 5,,,
ARE-RC-51WH,Metal Bulk 4,,,
ARE-RC-51WH,Metal Bulk 6,,,
I-CHL-8-30MB,Metal Bulk 4,,,
I-CHL-8-30MB,Metal Bulk 5,,,
I-CHL-8-30MB,Metal Bulk 6,,,
BHDR-3000B,Metal Bulk 4,,,
BHDR-3000B,Metal Bulk 5,,,
BHDR-3000B,Metal Bulk 6,,,
ARE-RC-51CH,Metal Bulk 4,,,
ARE-RC-51CH,Metal Bulk 5,,,
ARE-RC-51CH,Metal Bulk 6,,,
TCB-3000B,Metal Bulk 4,,,
TCB-3000B,Metal Bulk 5,,,
TCB-3000B,Metal Bulk 6,,,
TCF-3000B,Metal Bulk 4,,,
TCF-3000B,Metal Bulk 5,,,
TCF-3000B,Metal Bulk 6,,,
BUCW-2500N,Metal Bulk 4,,,
BUCW-2500N,Metal Bulk 5,,,
BUCW-2500N,Metal Bulk 6,,,
SLW-3000B,Metal Bulk 4,,,
SLW-3000B,Metal Bulk 5,,,
SLW-3000B,Metal Bulk 6,,,
SLW-M3000,Metal Bulk 4,,,
SLW-M3000,Metal Bulk 5,,,
SLW-M3000,Metal Bulk 6,,,
ARE-RC-51BL,Metal Bulk 4,,,
ARE-RC-51BL,Metal Bulk 5,,,
ARE-RC-51BL,Metal Bulk 6,,,
BHDR-M5100,Metal Bulk 4,,,
BHDR-M5100,Metal Bulk 5,,,
BHDR-M5100,Metal Bulk 6,,,
MCP-M3050,Metal Bulk 4,,,
MCP-M3050,Metal Bulk 5,,,
MCP-M3050,Metal Bulk 6,,,
U-CHL-10-30MB,Metal Bulk 4,,,
U-CHL-10-30MB,Metal Bulk 5,,,
U-CHL-10-30MB,Metal Bulk 6,,,
MCP-3001MB,Metal Bulk 4,,,
MCP-3001MB,Metal Bulk 5,,,
MCP-3001MB,Metal Bulk 6,,,
MCP-3001B,Metal Bulk 4,,,
MCP-3001B,Metal Bulk 5,,,
MCP-3001B,Metal Bulk 6,,,
BHDR-3000MB,Metal Bulk 4,,,
BHDR-3000MB,Metal Bulk 5,,,
BHDR-3000MB,Metal Bulk 6,,,
U-CHL-10-30N,Metal Bulk 4,,,
U-CHL-10-30N,Metal Bulk 5,,,
U-CHL-10-30N,Metal Bulk 6,,,
U-CHL-10-30B,Metal Bulk 4,,,
U-CHL-10-30B,Metal Bulk 5,,,
U-CHL-10-30B,Metal Bulk 6,,,
U-CHL-10-30B,Loose Metal 2,,,
U-CHL-10-30N,Loose Metal 2,,,
RST-3000B,Loose Metal 2,,,
RST-2000B,Loose Metal 2,,,
RST-1500B,Loose MetalÊ,,,
DLS-HDR-M6300,Metal Bulk 1,,,
DLS-HDR-M6300,Metal Bulk 2,,,
DLS-HDR-M6300,Metal Bulk 3,,,
DLS-HDR-M5100,Metal Bulk 1,,,
DLS-HDR-M5100,Metal Bulk 2,,,
DLS-HDR-M5100,Metal Bulk 3,,,
ARE-RC-21WH,Metal Bulk 4,,,
ARE-RC-21WH,Metal Bulk 5,,,
ARE-RC-21WH,Metal Bulk 6,,,
MCP-2001MB,Metal Bulk 4,,,
MCP-2001MB,Metal Bulk 5,,,
MCP-2001MB,Metal Bulk 6,,,
MCP-2001MB,Loose Metal 2,,,
MCP-2001N,Metal Bulk 4,,,
MCP-2001N,Metal Bulk 5,,,
MCP-2001N,Metal Bulk 6,,,
MCP-2001B,Metal Bulk 4,,,
MCP-2001B,Metal Bulk 5,,,
MCP-2001B,Metal Bulk 6,,,
TCF-2000B,Metal Bulk 4,,,
TCF-2000B,Metal Bulk 5,,,
TCF-2000B,Metal Bulk 6,,,
TCF-2000B,Loose Metal 2,,,
TCB-2000B,Metal Bulk 4,,,
TCB-2000B,Metal Bulk 5,,,
TCB-2000B,Metal Bulk 6,,,
TCB-2000B,Loose Metal 2,,,
SLW-3000N,Metal Bulk 4,,,
SLW-3000N,Metal Bulk 5,,,
SLW-3000N,Metal Bulk 6,,,
SLW-3000MB,Metal Bulk 4,,,
SLW-3000MB,Metal Bulk 5,,,
SLW-3000MB,Metal Bulk 6,,,
SLW-3000MB,Loose Metal 2,,,
BHDR-2000B,Loose Metal 2,,,
BHDR-2000N,Metal Bulk 4,,,
BHDR-2000N,Metal Bulk 5,,,
BHDR-2000N,Metal Bulk 6,,,
MCP-3001A,Metal Bulk 4,,,
MCP-3001A,Metal Bulk 5,,,
MCP-3001A,Metal Bulk 6,,,
MCP-3001A,Loose Metal 2,,,
FSR-900B,Patch Fitting,,,
FSC-1000B,Patch Fitting,,,
FSC-900B,Patch Fitting,,,
FSR-1000B,Patch Fitting,,,
FSS-1200B,Patch Fitting,,,
FSS-1300B,Patch Fitting,,,
FSS-1400B,Patch Fitting,,,
FPD-1000B,Patch Fitting,,,
FPD-900B,Patch Fitting,,,
FPR-1000B,Patch Fitting,,,
FPR-900B,Patch Fitting,,,
FRP-1000B,Patch Fitting,,,
FRP-800B,Patch Fitting,,,
FRP-900B,Patch Fitting,,,
FBS-1200B,Patch Fitting,,,
HBS-900B,Patch Fitting,,,
FSP-1100B,Patch Fitting,,,
FSP-1200B,Patch Fitting,,,
GC-811,Bulk Hardware 2,,,
GC-812,Bulk Hardware 2,,,
GC-813,Bulk Hardware 2,,,
GC-814,Bulk Hardware 2,,,
GC-815,Bulk Hardware 2,,,
GC-816,Bulk Hardware 2,,,
GC-817,Bulk Hardware 2,,,
GC-711,Bulk Hardware 2,,,
GC-711-D,Bulk Hardware 1,,,
GC-711-D,Bulk Hardware 2,,,
GC-712,Bulk Hardware 2,,,
GC-713,Bulk Hardware 2,,,
GC-714,Bulk Hardware 2,,,
GC-716,Bulk Hardware 2,,,
OXB-745,Hardware 2,,,
OXB-745,Hardware 3,,,
OXB-746,Hardware 2,,,
OXB-746,Hardware 3,,,
OXB-747,Hardware 2,,,
OXB-747,Hardware 3,,,
BHDR-M6300,Metal Bulk 4,,,
BHDR-M6300,Metal Bulk 5,,,
BHDR-M6300,Metal Bulk 6,,,
BHDR-M6300,Metal Bulk 1,,,
BHDR-M6300,Metal Bulk 2,,,
BHDR-M6300,Metal Bulk 3,,,
DLS-HDR-M2000,Metal Bulk 1,,,
DLS-HDR-M2000,Metal Bulk 2,,,
DLS-HDR-M2000,Metal Bulk 3,,,
DLS-HDR-M2000,Metal Bulk 4,,,
DLS-HDR-M2000,Metal Bulk 5,,,
DLS-HDR-M2000,Metal Bulk 6,,,
SLHR-M5100,Metal Bulk 6,,,
SLHR-M5100,Metal Bulk 5,,,
SLHR-M5100,Metal Bulk 4,,,
SLHR-M5100,Metal Bulk 3,,,
SLHR-M5100,Metal Bulk 2,,,
SLHR-M5100,Metal Bulk 1,,,
SLW-M6300,Metal Bulk 6,,,
SLW-M6300,Metal Bulk 5,,,
SLW-M6300,Metal Bulk 4,,,
CHNL-25-M3000,Metal Bulk 1,,,
CHNL-25-M3000,Metal Bulk 2,,,
CHNL-25-M3000,Metal Bulk 3,,,
CHNL-25-M3000,Metal Bulk 4,,,
CHNL-25-M3000,Metal Bulk 5,,,
CHNL-25-M3000,Metal Bulk 6,,,
CHNL-25-30N,Loose Metal 2,,,
I-CHL-8-M6300,Metal Bulk 1,,,
I-CHL-8-M6300,Metal Bulk 2,,,
I-CHL-8-M6300,Metal Bulk 3,,,
I-CHL-8-M6300,Metal Bulk 4,,,
I-CHL-8-M6300,Metal Bulk 5,,,
I-CHL-8-M6300,Metal Bulk 6,,,
I-CHL-8-M5100,Metal Bulk 1,,,
I-CHL-8-M5100,Metal Bulk 2,,,
I-CHL-8-M5100,Metal Bulk 3,,,
I-CHL-8-M5100,Metal Bulk 4,,,
I-CHL-8-M5100,Metal Bulk 5,,,
I-CHL-8-M5100,Metal Bulk 6,,,
I-CHL-8-M3000,Metal Bulk 1,,,
I-CHL-8-M3000,Metal Bulk 2,,,
I-CHL-8-M3000,Metal Bulk 3,,,
I-CHL-8-M3000,Metal Bulk 4,,,
I-CHL-8-M3000,Metal Bulk 5,,,
I-CHL-8-M3000,Metal Bulk 6,,,
I-CHL-8-M2000,Metal Bulk 1,,,
I-CHL-8-M2000,Metal Bulk 2,,,
I-CHL-8-M2000,Metal Bulk 3,,,
I-CHL-8-M2000,Metal Bulk 4,,,
I-CHL-8-M2000,Metal Bulk 5,,,
I-CHL-8-M2000,Metal Bulk 6,,,
U-CHL-19-30N,Loose Metal 2,,,
U-CHL-19-30N,Metal Bulk 6,,,
U-CHL-19-30N,Metal Bulk 5,,,
U-CHL-19-30N,Metal Bulk 4,,,
U-CHL-19-30B,Loose Metal 2,,,
U-CHL-19-30B,Metal Bulk 4,,,
U-CHL-19-30B,Metal Bulk 5,,,
U-CHL-19-30B,Metal Bulk 6,,,
U-CHL-10-M6300,Metal Bulk 1,,,
U-CHL-10-M6300,Metal Bulk 2,,,
U-CHL-10-M6300,Metal Bulk 3,,,
U-CHL-10-M6300,Metal Bulk 4,,,
U-CHL-10-M6300,Metal Bulk 5,,,
U-CHL-10-M6300,Metal Bulk 6,,,
TCB-M6300,Metal Bulk 1,,,
TCB-M6300,Metal Bulk 2,,,
TCB-M6300,Metal Bulk 3,,,
TCB-M6300,Metal Bulk 4,,,
TCB-M6300,Metal Bulk 5,,,
TCB-M6300,Metal Bulk 6,,,
TCB-M3100,Metal Bulk 1,,,
TCB-M3100,Metal Bulk 2,,,
TCB-M3100,Metal Bulk 3,,,
TCB-M3100,Metal Bulk 4,,,
TCB-M3100,Metal Bulk 5,,,
TCB-M3100,Metal Bulk 6,,,
TCB-6000N,Metal Bulk 1,,,
TCB-6000N,Metal Bulk 2,,,
TCB-6000N,Metal Bulk 3,,,
TCB-6000N,Metal Bulk 4,,,
TCB-6000N,Metal Bulk 5,,,
TCB-6000N,Metal Bulk 6,,,
TCB-3000N,Metal Bulk 4,,,
TCB-3000N,Metal Bulk 5,,,
TCB-3000N,Metal Bulk 6,,,
TCB-3000N,Loose Metal 2,,,
TCB-3000B,Loose Metal 2,,,
TCF-M6300,Metal Bulk 1,,,
TCF-M6300,Metal Bulk 3,,,
TCF-M6300,Metal Bulk 2,,,
TCF-M6300,Metal Bulk 4,,,
TCF-M6300,Metal Bulk 5,,,
TCF-M6300,Metal Bulk 6,,,
TCF-M3100,Loose Metal 2,,,
TCF-M3100,Metal Bulk 4,,,
TCF-M3100,Metal Bulk 5,,,
TCF-M3100,Metal Bulk 6,,,
TCF-3000N,Loose Metal 2,,,
TCF-3000N,Metal Bulk 6,,,
TCF-3000N,Metal Bulk 5,,,
TCF-3000N,Metal Bulk 4,,,
EHDR-M6100,Metal Bulk 1,,,
EHDR-M6100,Metal Bulk 2,,,
EHDR-M6100,Metal Bulk 3,,,
EHDR-M5100,Metal Bulk 1,,,
EHDR-M5100,Metal Bulk 2,,,
EHDR-M5100,Metal Bulk 3,,,
HNG-RL-M6100,Metal Bulk 1,,,
HNG-RL-M6100,Metal Bulk 2,,,
HNG-RL-M6100,Metal Bulk 3,,,
HNG-RL-3000N,Metal Bulk 6,,,
HNG-RL-3000N,Metal Bulk 5,,,
HNG-RL-3000N,Metal Bulk 4,,,
HNG-RL-3000N,Loose Metal 2,,,
HNG-RL-3000B,Loose Metal 2,,,
HNG-RL-3000B,Metal Bulk 6,,,
HNG-RL-3000B,Metal Bulk 5,,,
HNG-RL-3000B,Metal Bulk 4,,,
ARE-HP-M3150,Metal Bulk 6,,,
ARE-HP-M3150,Metal Bulk 5,,,
ARE-HP-M3150,Metal Bulk 4,,,
26B-7250,Metal Bulk 1,,,
26B-7250,Metal Bulk 2,,,
26B-7250,Metal Bulk 3,,,
DLS-HDR-M1500,Loose MetalÊ,,,
26B-7250BR,Metal Bulk 1,,,
26B-7250BR,Metal Bulk 2,,,
26B-7250BR,Metal Bulk 3,,,
26B-7250CH,Metal Bulk 1,,,
26B-7250CH,Metal Bulk 2,,,
26B-7250CH,Metal Bulk 3,,,
26B-7250N,Metal Bulk 1,,,
26B-7250N,Metal Bulk 2,,,
26B-7250N,Metal Bulk 3,,,
6*12-WASH,Hardware 3,,,
6*14-WASH,Hardware 3,,,
6*17-STR,Hardware 3,,,
6*17-STR,Hardware 4,,,
AK-9P,Dispatch Office,,,
ALU-FLP,Hardware 4,,,
ARE-AP-135,Hardware 4,,,
ARE-AP-180,Hardware 4,,,
ARE-B1912,Hardware 4,,,
ARE-BL-M3000,Metal Bulk 1,,,
ARE-BL-M3000,Metal Bulk 2,,,
ARE-BL-M3000,Metal Bulk 3,,,
ARE-BL-M3000,Metal Bulk 4,,,
ARE-BL-M3000,Metal Bulk 5,,,
ARE-BL-M3000,Metal Bulk 6,,,
ARE-CC-51N,Metal Bulk 1,,,
ARE-CC-51N,Metal Bulk 2,,,
ARE-CC-51N,Metal Bulk 3,,,
ARE-CC-51N,Metal Bulk 4,,,
ARE-CC-51N,Metal Bulk 5,,,
ARE-CC-51N,Metal Bulk 6,,,
ARE-CC-M5100,Metal Bulk 1,,,
ARE-CC-M5100,Metal Bulk 2,,,
ARE-CC-M5100,Metal Bulk 3,,,
ARE-CC-M5100,Metal Bulk 4,,,
ARE-CC-M5100,Metal Bulk 5,,,
ARE-CC-M5100,Metal Bulk 6,,,
ARE-EPF-A,Hardware 4,,,
ARE-EPF-BL,Hardware 4,,,
ARE-EPF-BR,Hardware 4,,,
ARE-EPF-C1,Hardware 4,,,
ARE-EPF-C2,Hardware 4,,,
ARE-EPF-C3,Hardware 4,,,
ARE-EPF-CH,Hardware 4,,,
ARE-EPF-N,Hardware 4,,,
ARE-EPF-WH,Hardware 4,,,
ARE-EPL-A,Hardware 4,,,
ARE-EPL-BL,Hardware 4,,,
ARE-EPL-BR,Hardware 4,,,
ARE-EPL-C1,Hardware 4,,,
ARE-EPL-CH,Hardware 4,,,
ARE-EPL-N,Hardware 4,,,
ARE-EPL-WH,Hardware 4,,,
ARE-EP-M3150,Metal Bulk 1,,,
ARE-EP-M3150,Metal Bulk 2,,,
ARE-EP-M3150,Metal Bulk 3,,,
ARE-EP-M3150,Metal Bulk 4,,,
ARE-EP-M3150,Metal Bulk 5,,,
ARE-EP-M3150,Metal Bulk 6,,,
ARE-EPS-A,Hardware 4,,,
ARE-EPS-ACC,Hardware 4,,,
ARE-EPS-BL,Hardware 4,,,
ARE-EPS-BR,Hardware 4,,,
ARE-EPS-CH,Hardware 4,,,
ARE-EPS-N,Hardware 4,,,
ARE-EPS-WH,Hardware 4,,,
ARE-FB,Hardware 4,,,
ARE-FB90,Hardware 4,,,
ARE-FBA,Hardware 4,,,
ARE-FDS,Hardware 4,,,
ARE-FG,Hardware 4,,,
ARE-FGA,Hardware 4,,,
ARE-FSB,Hardware 4,,,
ARE-GP,Hardware 4,,,
ARE-HA-A,Hardware 4,,,
ARE-HA-ACC,Hardware 4,,,
ARE-HA-BL,Hardware 4,,,
ARE-HA-BR,Hardware 4,,,
ARE-HA-C1,Hardware 4,,,
ARE-HA-C2,Hardware 4,,,
ARE-HA-C3,Hardware 4,,,
ARE-HA-CH,Hardware 4,,,
ARE-HA-N,Hardware 4,,,
ARE-HA-WH,Hardware 4,,,
ARE-HB,Hardware 4,,,
ARE-HBM,Hardware 4,,,
ARE-IB,Hardware 4,,,
ARE-JP-135,Hardware 4,,,
ARE-JP-180,Hardware 4,,,
ARE-JP-RJ,Hardware 4,,,
ARE-JP-Y,Hardware 4,,,
ARE-LBB,Hardware 4,,,
ARE-LB,Hardware 4,,,
ARE-PB,Hardware 4,,,
ARE-PIV,Hardware 4,,,
ARE-PIV-FP,Hardware 4,,,
ARE-PIV-P,Hardware 4,,,
ARE-PIV-TP,Hardware 4,,,
ARE-RB-M2100,Metal Bulk 1,,,
ARE-RB-M2100,Metal Bulk 2,,,
ARE-RB-M2100,Metal Bulk 3,,,
ARE-RB-M2100,Metal Bulk 4,,,
ARE-RB-M2100,Metal Bulk 5,,,
ARE-RB-M2100,Metal Bulk 6,,,
ARE-RB-M3000,Metal Bulk 1,,,
ARE-RB-M3000,Metal Bulk 2,,,
ARE-RB-M3000,Metal Bulk 3,,,
ARE-RB-M3000,Metal Bulk 4,,,
ARE-RB-M3000,Metal Bulk 6,,,
ARE-RB-M3000,Metal Bulk 5,,,
ARE-RB-M5100,Metal Bulk 1,,,
ARE-RB-M5100,Metal Bulk 2,,,
ARE-RB-M5100,Metal Bulk 3,,,
ARE-RB-M5100,Metal Bulk 4,,,
ARE-RB-M5100,Metal Bulk 5,,,
ARE-RB-M5100,Metal Bulk 6,,,
ARE-RB-M7200,Metal Bulk 1,,,
ARE-RB-M7200,Metal Bulk 2,,,
ARE-RB-M7200,Metal Bulk 3,,,
ARE-RB-M7200,Metal Bulk 4,,,
ARE-RB-M7200,Metal Bulk 5,,,
ARE-RB-M7200,Metal Bulk 6,,,
ARE-RC-21BL,Metal Bulk 4,,,
ARE-RC-21BL,Metal Bulk 5,,,
ARE-RC-21BL,Metal Bulk 6,,,
ARE-RC-21BR,Metal Bulk 4,,,
ARE-RC-21BR,Metal Bulk 5,,,
ARE-RC-21BR,Metal Bulk 6,,,
ARE-RC-21BR,Metal Bulk 1,,,
ARE-RC-21BR,Metal Bulk 2,,,
ARE-RC-21BR,Metal Bulk 3,,,
ARE-RC-21BL,Metal Bulk 1,,,
ARE-RC-21BL,Metal Bulk 2,,,
ARE-RC-21BL,Metal Bulk 3,,,
ARE-RC-21CH,Metal Bulk 1,,,
ARE-RC-21CH,Metal Bulk 2,,,
ARE-RC-21CH,Metal Bulk 3,,,
ARE-RC-21CH,Metal Bulk 4,,,
ARE-RC-21CH,Metal Bulk 5,,,
ARE-RC-21CH,Metal Bulk 6,,,
ARE-RC-30BL,Metal Bulk 4,,,
ARE-RC-30BL,Metal Bulk 5,,,
ARE-RC-30BL,Metal Bulk 6,,,
ARE-RC-30BR,Metal Bulk 4,,,
ARE-RC-30BR,Metal Bulk 5,,,
ARE-RC-30BR,Metal Bulk 6,,,
ARE-RC-30CH,Metal Bulk 4,,,
ARE-RC-30CH,Metal Bulk 5,,,
ARE-RC-30CH,Metal Bulk 6,,,
ARE-RC-30N,Metal Bulk 4,,,
ARE-RC-30N,Metal Bulk 5,,,
ARE-RC-30N,Metal Bulk 6,,,
ARE-RC-30WH,Metal Bulk 4,,,
ARE-RC-30WH,Metal Bulk 5,,,
ARE-RC-30WH,Metal Bulk 6,,,
ARE-RC-36BL,Metal Bulk 4,,,
ARE-RC-36BL,Metal Bulk 5,,,
ARE-RC-36BL,Metal Bulk 6,,,
ARE-RC-36BR,Metal Bulk 4,,,
ARE-RC-36BR,Metal Bulk 5,,,
ARE-RC-36BR,Metal Bulk 6,,,
ARE-RC-36CH,Metal Bulk 4,,,
ARE-RC-36CH,Metal Bulk 5,,,
ARE-RC-36CH,Metal Bulk 6,,,
ARE-RC-36N,Metal Bulk 4,,,
ARE-RC-36N,Metal Bulk 5,,,
ARE-RC-36N,Metal Bulk 6,,,
ARE-RC-36WH,Metal Bulk 4,,,
ARE-RC-36WH,Metal Bulk 5,,,
ARE-RC-36WH,Metal Bulk 6,,,
ARE-RC-M5100,Metal Bulk 1,,,
ARE-RC-M5100,Metal Bulk 3,,,
ARE-RC-M5100,Metal Bulk 2,,,
ARE-RC-M7200,Metal Bulk 1,,,
ARE-RC-M7200,Metal Bulk 2,,,
ARE-RC-M7200,Metal Bulk 3,,,
ARE-RC-M4200,Metal Bulk 1,,,
ARE-RC-M4200,Metal Bulk 2,,,
ARE-RC-M4200,Metal Bulk 3,,,
ARE-RC-M3600,Metal Bulk 1,,,
ARE-RC-M3600,Metal Bulk 2,,,
ARE-RC-M3600,Metal Bulk 3,,,
ARE-RC-M3000,Metal Bulk 1,,,
ARE-RC-M3000,Metal Bulk 2,,,
ARE-RC-M3000,Metal Bulk 3,,,
ARE-RC-M2100,Metal Bulk 1,,,
ARE-RC-M2100,Metal Bulk 2,,,
ARE-RC-M2100,Metal Bulk 3,,,
ARE-RC-5100CC,Metal Bulk 4,,,
ARE-RC-5100CC,Metal Bulk 5,,,
ARE-RC-5100CC,Metal Bulk 6,,,
ARE-RC-5100CC,Metal Bulk 1,,,
ARE-RC-5100CC,Metal Bulk 2,,,
ARE-RC-5100CC,Metal Bulk 3,,,
ARE-RRG-10,Hardware 4,,,
ARE-RRG-12,Hardware 4,,,
ARE-RRG-15,Hardware 4,,,
ARE-RWH,Hardware 4,,,
ARE-TR-21BL,Metal Bulk 4,,,
ARE-TR-21BL,Metal Bulk 5,,,
ARE-TR-21BL,Metal Bulk 6,,,
ARE-TR-21BR,Metal Bulk 1,,,
ARE-TR-21BR,Metal Bulk 2,,,
ARE-TR-21BR,Metal Bulk 3,,,
ARE-TR-21BR,Metal Bulk 4,,,
ARE-TR-21BR,Metal Bulk 5,,,
ARE-TR-21BR,Metal Bulk 6,,,
ARE-TR-21BL,Metal Bulk 1,,,
ARE-TR-21BL,Metal Bulk 2,,,
ARE-TR-21BL,Metal Bulk 3,,,
ARE-TR-21CH,Metal Bulk 1,,,
ARE-TR-21CH,Metal Bulk 2,,,
ARE-TR-21CH,Metal Bulk 3,,,
ARE-TR-21CH,Metal Bulk 4,,,
ARE-TR-21CH,Metal Bulk 5,,,
ARE-TR-21CH,Metal Bulk 6,,,
ARE-TR-21N,Metal Bulk 1,,,
ARE-TR-21N,Metal Bulk 2,,,
ARE-TR-21N,Metal Bulk 3,,,
ARE-TR-21N,Metal Bulk 4,,,
ARE-TR-21N,Metal Bulk 5,,,
ARE-TR-21N,Metal Bulk 6,,,
ARE-TR-21WH,Metal Bulk 1,,,
ARE-TR-21WH,Metal Bulk 2,,,
ARE-TR-21WH,Metal Bulk 3,,,
ARE-TR-21WH,Metal Bulk 4,,,
ARE-TR-21WH,Metal Bulk 5,,,
ARE-TR-21WH,Metal Bulk 6,,,
ARE-TR-30BL,Metal Bulk 1,,,
ARE-TR-30BL,Metal Bulk 2,,,
ARE-TR-30BL,Metal Bulk 3,,,
ARE-TR-30BL,Metal Bulk 4,,,
ARE-TR-30BL,Metal Bulk 5,,,
ARE-TR-30BL,Metal Bulk 6,,,
ARE-TR-30BR,Metal Bulk 1,,,
ARE-TR-30BR,Metal Bulk 2,,,
ARE-TR-30BR,Metal Bulk 3,,,
ARE-TR-30BR,Metal Bulk 4,,,
ARE-TR-30BR,Metal Bulk 5,,,
ARE-TR-30BR,Metal Bulk 6,,,
ARE-TR-30CH,Metal Bulk 1,,,
ARE-TR-30CH,Metal Bulk 2,,,
ARE-TR-30CH,Metal Bulk 3,,,
ARE-TR-30CH,Metal Bulk 4,,,
ARE-TR-30CH,Metal Bulk 5,,,
ARE-TR-30CH,Metal Bulk 6,,,
ARE-TR-30N,Metal Bulk 1,,,
ARE-TR-30N,Metal Bulk 2,,,
ARE-TR-30N,Metal Bulk 3,,,
ARE-TR-30N,Metal Bulk 4,,,
ARE-TR-30N,Metal Bulk 5,,,
ARE-TR-30N,Metal Bulk 6,,,
ARE-TR-30WH,Metal Bulk 1,,,
ARE-TR-30WH,Metal Bulk 2,,,
ARE-TR-30WH,Metal Bulk 3,,,
ARE-TR-30WH,Metal Bulk 4,,,
ARE-TR-30WH,Metal Bulk 5,,,
ARE-TR-30WH,Metal Bulk 6,,,
ARE-TR-36BL,Metal Bulk 1,,,
ARE-TR-36BL,Metal Bulk 2,,,
ARE-TR-36BL,Metal Bulk 3,,,
ARE-TR-36BL,Metal Bulk 4,,,
ARE-TR-36BL,Metal Bulk 5,,,
ARE-TR-36BL,Metal Bulk 6,,,
ARE-TR-36BR,Metal Bulk 2,,,
ARE-TR-36BR,Metal Bulk 1,,,
ARE-TR-36BR,Metal Bulk 3,,,
ARE-TR-36BR,Metal Bulk 4,,,
ARE-TR-36BR,Metal Bulk 5,,,
ARE-TR-36BR,Metal Bulk 6,,,
ARE-TR-36CH,Metal Bulk 1,,,
ARE-TR-36CH,Metal Bulk 2,,,
ARE-TR-36CH,Metal Bulk 3,,,
ARE-TR-36CH,Metal Bulk 4,,,
ARE-TR-36CH,Metal Bulk 5,,,
ARE-TR-36CH,Metal Bulk 6,,,
ARE-TR-51BR,Metal Bulk 1,,,
ARE-TR-51BR,Metal Bulk 2,,,
ARE-TR-51BR,Metal Bulk 3,,,
ARE-TR-51BR,Metal Bulk 4,,,
ARE-TR-51BR,Metal Bulk 5,,,
ARE-TR-51BR,Metal Bulk 6,,,
ARE-TR-51CH,Metal Bulk 1,,,
ARE-TR-51CH,Metal Bulk 2,,,
ARE-TR-51CH,Metal Bulk 3,,,
ARE-TR-51CH,Metal Bulk 4,,,
ARE-TR-51CH,Metal Bulk 5,,,
ARE-TR-51CH,Metal Bulk 6,,,
ARE-TR-51N,Metal Bulk 1,,,
ARE-TR-51N,Metal Bulk 2,,,
ARE-TR-51N,Metal Bulk 3,,,
ARE-TR-51N,Metal Bulk 4,,,
ARE-TR-51N,Metal Bulk 5,,,
ARE-TR-51N,Metal Bulk 6,,,
ARE-TR-51WH,Metal Bulk 1,,,
ARE-TR-51WH,Metal Bulk 2,,,
ARE-TR-51WH,Metal Bulk 3,,,
ARE-TR-51WH,Metal Bulk 4,,,
ARE-TR-51WH,Metal Bulk 5,,,
ARE-TR-51WH,Metal Bulk 6,,,
ARE-TR-72BL,Metal Bulk 1,,,
ARE-TR-72BL,Metal Bulk 2,,,
ARE-TR-72BL,Metal Bulk 3,,,
ARE-TR-72BL,Metal Bulk 4,,,
ARE-TR-72BL,Metal Bulk 5,,,
ARE-TR-72BL,Metal Bulk 6,,,
ARE-TR-72BR,Metal Bulk 1,,,
ARE-TR-72BR,Metal Bulk 2,,,
ARE-TR-72BR,Metal Bulk 3,,,
ARE-TR-72BR,Metal Bulk 4,,,
ARE-TR-72BR,Metal Bulk 5,,,
ARE-TR-72BR,Metal Bulk 6,,,
ARE-TR-72CH,Metal Bulk 1,,,
ARE-TR-72CH,Metal Bulk 2,,,
ARE-TR-72CH,Metal Bulk 4,,,
ARE-TR-72CH,Metal Bulk 3,,,
ARE-TR-72CH,Metal Bulk 5,,,
ARE-TR-72CH,Metal Bulk 6,,,
ARE-TR-72N,Metal Bulk 1,,,
ARE-TR-72N,Metal Bulk 2,,,
ARE-TR-72N,Metal Bulk 3,,,
ARE-TR-72N,Metal Bulk 4,,,
ARE-TR-72N,Metal Bulk 5,,,
ARE-TR-72N,Metal Bulk 6,,,
ARE-TR-72WH,Metal Bulk 1,,,
ARE-TR-72WH,Metal Bulk 2,,,
ARE-TR-72WH,Metal Bulk 3,,,
ARE-TR-72WH,Metal Bulk 4,,,
ARE-TR-72WH,Metal Bulk 5,,,
ARE-TR-72WH,Metal Bulk 6,,,
ARE-TR-M2100,Metal Bulk 1,,,
ARE-TR-M2100,Metal Bulk 2,,,
ARE-TR-M2100,Metal Bulk 3,,,
ARE-TR-M3000,Metal Bulk 1,,,
ARE-TR-M3000,Metal Bulk 3,,,
ARE-TR-M3000,Metal Bulk 2,,,
ARE-TR-M7200,Metal Bulk 1,,,
ARE-TR-M7200,Metal Bulk 2,,,
ARE-TR-M7200,Metal Bulk 3,,,
ARE-WG-10,Hardware 4,,,
ARE-YOKE,Hardware 4,,,
BHDR-2000MB,Metal Bulk 4,,,
BHDR-2000MB,Metal Bulk 5,,,
BHDR-2000MB,Metal Bulk 6,,,
BHDR-2000MB,Loose Metal 2,,,
BHDR-2500B,Metal Bulk 4,,,
BHDR-2500B,Metal Bulk 5,,,
BHDR-2500B,Metal Bulk 6,,,
BHDR-2500B,Loose Metal 2,,,
BHDR-3000N,Metal Bulk 4,,,
BHDR-3000N,Metal Bulk 5,,,
BHDR-3000N,Metal Bulk 6,,,
BHDR-3000N,Loose Metal 2,,,
BHDR-KIT,Hardware 3,,,
BHDR-KIT-EXB,Hardware 3,,,
BUCW-WG12,Hardware 3,,,
BW-I12,Patch Fitting,,,
BW-I15,Patch Fitting,,,
BW-I19,Patch Fitting,,,
BW-I25,Patch Fitting,,,
CLV-BTMK-2100,Metal Bulk 1,,,
CLV-BTMK-2100,Metal Bulk 2,,,
CLV-BTMK-2100,Metal Bulk 3,,,
CLV-BTMK-2100BR,Metal Bulk 1,,,
CLV-BTMK-2100BR,Metal Bulk 2,,,
CLV-BTMK-2100BR,Metal Bulk 3,,,
CLV-BTMK-2100CH,Metal Bulk 1,,,
CLV-BTMK-2100CH,Metal Bulk 2,,,
CLV-BTMK-2100CH,Metal Bulk 3,,,
CLV-BTMK-3000,Metal Bulk 1,,,
CLV-BTMK-3000,Metal Bulk 2,,,
CLV-BTMK-3000,Metal Bulk 3,,,
CLV-BTMK-3000BR,Metal Bulk 1,,,
CLV-BTMK-3000BR,Metal Bulk 2,,,
CLV-BTMK-3000BR,Metal Bulk 3,,,
CLV-BTMK-3000CH,Metal Bulk 1,,,
CLV-BTMK-3000CH,Metal Bulk 2,,,
CLV-BTMK-3000CH,Metal Bulk 3,,,
CLV-BTMK-3600,Metal Bulk 1,,,
CLV-BTMK-3600,Metal Bulk 2,,,
CLV-BTMK-3600,Metal Bulk 3,,,
CLV-BTMK-3600BR,Metal Bulk 1,,,
CLV-BTMK-3600BR,Metal Bulk 2,,,
CLV-BTMK-3600BR,Metal Bulk 3,,,
CLV-BTMK-3600CH,Metal Bulk 1,,,
CLV-BTMK-3600CH,Metal Bulk 2,,,
CLV-BTMK-3600CH,Metal Bulk 3,,,
CLV-BTMK-4200,Metal Bulk 1,,,
CLV-BTMK-4200,Metal Bulk 3,,,
CLV-BTMK-4200,Metal Bulk 2,,,
CLV-BTMK-4200BR,Metal Bulk 1,,,
CLV-BTMK-4200BR,Metal Bulk 2,,,
CLV-BTMK-4200BR,Metal Bulk 3,,,
CLV-BTMK-4200CH,Metal Bulk 1,,,
CLV-BTMK-4200CH,Metal Bulk 2,,,
CLV-BTMK-4200CH,Metal Bulk 3,,,
CLV-BTMK-5100,Metal Bulk 1,,,
CLV-BTMK-5100,Metal Bulk 2,,,
CLV-BTMK-5100,Metal Bulk 3,,,
CLV-TOPK-2100,Metal Bulk 1,,,
CLV-TOPK-2100,Metal Bulk 2,,,
CLV-TOPK-2100,Metal Bulk 3,,,
CLV-BTMK-5100BR,Metal Bulk 1,,,
CLV-BTMK-5100BR,Metal Bulk 2,,,
CLV-BTMK-5100BR,Metal Bulk 3,,,
CLV-BTMK-5100CH,Metal Bulk 1,,,
CLV-BTMK-5100CH,Metal Bulk 2,,,
CLV-BTMK-5100CH,Metal Bulk 3,,,
CLV-TOPK-2100BR,Metal Bulk 1,,,
CLV-TOPK-2100BR,Metal Bulk 2,,,
CLV-BTMK-5100W,Metal Bulk 1,,,
CLV-TOPK-2100BR,Metal Bulk 3,,,
CLV-BTMK-5100W,Metal Bulk 2,,,
CLV-BTMK-5100W,Metal Bulk 3,,,
CLV-TOPK-2100W,Metal Bulk 1,,,
CLV-BTMK-7200,Metal Bulk 1,,,
CLV-BTMK-7200,Metal Bulk 2,,,
CLV-TOPK-2100W,Metal Bulk 2,,,
CLV-BTMK-7200,Metal Bulk 3,,,
CLV-TOPK-2100W,Metal Bulk 3,,,
CLV-BTMK-7200BR,Metal Bulk 1,,,
CLV-BTMK-7200BR,Metal Bulk 2,,,
CLV-BTMK-7200BR,Metal Bulk 3,,,
CLV-TOPK-3000,Metal Bulk 1,,,
CLV-TOPK-3000,Metal Bulk 2,,,
CLV-BTMK-7200-CH,Metal Bulk 1,,,
CLV-TOPK-3000,Metal Bulk 3,,,
CLV-BTMK-7200-CH,Metal Bulk 2,,,
CLV-BTMK-7200-CH,Metal Bulk 3,,,
CLV-TOPK-3000BR,Metal Bulk 1,,,
CLV-TOPK-3000BR,Metal Bulk 2,,,
CLV-BTMK-7200W,Metal Bulk 1,,,
CLV-TOPK-3000BR,Metal Bulk 3,,,
CLV-BTMK-7200W,Metal Bulk 2,,,
CLV-BTMK-7200W,Metal Bulk 3,,,
CLV-TOPK-3000CH,Metal Bulk 1,,,
CLV-GH,Hardware 3,,,
CLV-TOPK-3000CH,Metal Bulk 2,,,
CLV-TOPK-3000CH,Metal Bulk 3,,,
CLV-TOPK-3600,Metal Bulk 1,,,
CLV-TOPK-3600,Metal Bulk 2,,,
CLV-TOPK-3600,Metal Bulk 3,,,
CLV-TOPK-3600BR,Metal Bulk 1,,,
CLV-TOPK-3600BR,Metal Bulk 2,,,
CLV-TOPK-3600BR,Metal Bulk 3,,,
CLV-TOPK-3600CH,Metal Bulk 1,,,
CLV-TOPK-3600CH,Metal Bulk 2,,,
CLV-TOPK-3600CH,Metal Bulk 3,,,
CLV-LH-EXH,Loose MetalÊ,,,
CLV-TOPK-4200,Metal Bulk 1,,,
CLV-TOPK-4200,Metal Bulk 2,,,
CLV-TOPK-4200,Metal Bulk 3,,,
CLV-TOPK-4200BR,Metal Bulk 1,,,
CLV-TOPK-4200BR,Metal Bulk 2,,,
CLV-TOPK-4200BR,Metal Bulk 3,,,
CLV-TOPK-4200CH,Metal Bulk 1,,,
CLV-TOPK-4200CH,Metal Bulk 2,,,
CLV-TOPK-4200CH,Metal Bulk 3,,,
CLV-TOPK-4200W,Metal Bulk 1,,,
CLV-TOPK-4200W,Metal Bulk 2,,,
CLV-TOPK-4200W,Metal Bulk 3,,,
CLV-TOPK-5100,Metal Bulk 1,,,
CLV-TOPK-5100,Metal Bulk 2,,,
CLV-TOPK-5100,Metal Bulk 3,,,
CLV-TOPK-5100BR,Metal Bulk 1,,,
CLV-TOPK-5100BR,Metal Bulk 2,,,
CLV-TOPK-5100BR,Metal Bulk 3,,,
SIL600,Hardware 4,,,
SIL600,Hardware 1,,,
CLV-TOPK-5100CH,Metal Bulk 2,,,
SIL600,Dispatch Office,,,
CLV-TOPK-5100CH,Metal Bulk 1,,,
CLV-TOPK-5100CH,Metal Bulk 3,,,
CLV-TOPK-5100W,Metal Bulk 1,,,
HDH-611-90,Hardware 2,,,
CLV-TOPK-5100W,Metal Bulk 2,,,
CLV-TOPK-5100W,Metal Bulk 3,,,
HDH-612-180,Hardware 2,,,
CLV-TOPK-7200,Metal Bulk 1,,,
CLV-TOPK-7200,Metal Bulk 2,,,
CLV-TOPK-7200,Metal Bulk 3,,,
CLV-TOPK-7200BR,Metal Bulk 1,,,
CLV-TOPK-7200BR,Metal Bulk 2,,,
CLV-TOPK-7200BR,Metal Bulk 3,,,
HDR-HR90,Hardware 3,,,
CLV-TOPK-7200CH,Metal Bulk 1,,,
CLV-TOPK-7200CH,Metal Bulk 2,,,
CLV-TOPK-7200CH,Metal Bulk 3,,,
HDR-HR90,Bulk Hardware 1,,,
CLV-TOPK-7200-CH,Metal Bulk 1,,,
HDR-HR90,Bulk Hardware 2,,,
CLV-TOPK-7200-CH,Metal Bulk 2,,,
CLV-TOPK-7200-CH,Metal Bulk 3,,,
CLV-TOPK-7200W,Metal Bulk 1,,,
HDR-HRR,Hardware 3,,,
CLV-TOPK-7200W,Metal Bulk 2,,,
HDR-HRR,Bulk Hardware 1,,,
HDR-HRR,Bulk Hardware 2,,,
HDR-HRW,Hardware 3,,,
CLV-TOPK-7200W,Metal Bulk 3,,,
HDR-HRW,Bulk Hardware 1,,,
HDR-HRW,Bulk Hardware 2,,,
CLV-TOPK-2100CH,Metal Bulk 1,,,
CLV-TOPK-2100CH,Metal Bulk 2,,,
CLV-TOPK-2100CH,Metal Bulk 3,,,
GTD-10.0-AL,Dispatch Office,,,
GTD-12.0-AL,Dispatch Office,,,
GTD-5.0,Dispatch Office,,,
GTD-5.0-AL,Dispatch Office,,,
GTD-6.0,Dispatch Office,,,
GTD-6.0-AL,Dispatch Office,,,
CSLF-1000B,Loose MetalÊ,,,
GTD-8.0,Dispatch Office,,,
CSLF-1000N,Loose MetalÊ,,,
GTD-8.0-AL,Dispatch Office,,,
CSLF-1500B,Loose MetalÊ,,,
MCD-10.0-AL,Dispatch Office,,,
CSLF-1500MB,Loose MetalÊ,,,
CSLF-1500N,Loose MetalÊ,,,
MCD-12.0-AL,Dispatch Office,,,
MCD-5.0-AL,Dispatch Office,,,
MCD-6.0-AL,Dispatch Office,,,
CSLF-2000MB,Loose Metal 2,,,
MCD-8.0-AL,Dispatch Office,,,
MD-5.0,Dispatch Office,,,
MD-5.0-AL,Dispatch Office,,,
CSLF-2500B,Loose Metal 2,,,
MD-6.0,Dispatch Office,,,
MD-6.0-AL,Dispatch Office,,,
CSLT-1000B,Loose MetalÊ,,,
MD-8.0,Dispatch Office,,,
CSLT-1000N,Loose MetalÊ,,,
CSLT-1500B,Loose MetalÊ,,,
MD-8.0-AL,Dispatch Office,,,
CSLT-1500MB,Loose MetalÊ,,,
CSLT-1500N,Loose MetalÊ,,,
SMCD-10.0-AL,Dispatch Office,,,
CSLT-2000MB,Loose Metal 2,,,
SMCD-12.0-AL,Dispatch Office,,,
SMCD-5.0-AL,Dispatch Office,,,
SMCD-6.0-AL,Dispatch Office,,,
CSLT-2500B,Loose Metal 2,,,
SMCD-8.0-AL,Dispatch Office,,,
CSLT-3000N,Loose Metal 2,,,
SMD-10.0-AL,Dispatch Office,,,
SMD-12.0-AL,Dispatch Office,,,
SMD-14.0-AL,Dispatch Office,,,
SMD-16.0-AL,Dispatch Office,,,
SMD-5.0-AL,Dispatch Office,,,
DLS-HDR-2500N,Loose Metal 2,,,
SMD-6.0-AL,Dispatch Office,,,
DLS-HDR-2500N,Metal Bulk 4,,,
SMD-8.0-AL,Dispatch Office,,,
DLS-HDR-2500N,Metal Bulk 5,,,
DLS-HDR-2500N,Metal Bulk 6,,,
DLS-HDR-3000B,Loose Metal 2,,,
DLS-HDR-3000B,Metal Bulk 4,,,
DLS-HDR-3000B,Metal Bulk 4,,,
DLS-HDR-3000B,Metal Bulk 6,,,
SB25-1500N,Metal Bulk 1,,,
SB25-1500N,Metal Bulk 2,,,
SB25-1500N,Metal Bulk 3,,,
SB25-1500N,Metal Bulk 4,,,
SB25-1500N,Metal Bulk 5,,,
SB25-1500N,Metal Bulk 6,,,
SB25-2000N,Metal Bulk 1,,,
SB25-2000N,Metal Bulk 2,,,
HMP-2000,Loose Metal 2,,,
SB25-2000N,Metal Bulk 3,,,
HNG-RL-1000B,Loose MetalÊ,,,
SB25-2000N,Metal Bulk 4,,,
HNG-RL-1000N,Loose MetalÊ,,,
SB25-2000N,Metal Bulk 5,,,
SB25-2000N,Metal Bulk 6,,,
HNG-RL-1500B,Loose MetalÊ,,,
HNG-RL-1500N,Loose MetalÊ,,,
SB25-3000N,Metal Bulk 1,,,
SB25-3000N,Metal Bulk 2,,,
SB25-3000N,Metal Bulk 3,,,
SB25-3000N,Metal Bulk 4,,,
SB25-3000N,Metal Bulk 5,,,
SB25-3000N,Metal Bulk 6,,,
I-CHL-8-20MB,Loose Metal 2,,,
I-CHL-8-20MB,Metal Bulk 4,,,
I-CHL-8-20MB,Metal Bulk 5,,,
SB25-6000N,Metal Bulk 1,,,
I-CHL-8-20MB,Metal Bulk 6,,,
SB25-6000N,Metal Bulk 2,,,
SB25-6000N,Metal Bulk 3,,,
I-CHL-8-30B,Loose Metal 2,,,
SB25-6000N,Metal Bulk 4,,,
I-CHL-8-30B,Metal Bulk 4,,,
SB25-6000N,Metal Bulk 5,,,
I-CHL-8-30B,Metal Bulk 5,,,
SB25-6000N,Metal Bulk 6,,,
I-CHL-8-30B,Metal Bulk 6,,,
I-CHL-8-30BR,Loose Metal 2,,,
I-CHL-8-30BR,Metal Bulk 4,,,
I-CHL-8-30BR,Metal Bulk 5,,,
I-CHL-8-30BR,Metal Bulk 6,,,
I-CHL-8-30MB,Loose Metal 2,,,
I-CHL-8-30N,Metal Bulk 4,,,
I-CHL-8-30N,Metal Bulk 5,,,
I-CHL-8-30N,Metal Bulk 6,,,
I-CHL-8-30N,Loose Metal 2,,,
JCC-RAL,Hardware 3,,,
KAL-BSK06,Hardware 4,,,
KAL-BSK-KIT,Hardware 4,,,
KLW-0925N,Loose MetalÊ,,,
M8*70-CSS,Hardware 3,,,
M8*70-CSS,Hardware 4,,,
MP-CHNL-1000N,Loose MetalÊ,,,
MP-CHNL-3000N,Metal Bulk 1,,,
MP-CHNL-3000N,Metal Bulk 2,,,
MP-CHNL-3000N,Metal Bulk 3,,,
MPF-1000N,Loose MetalÊ,,,
MPF-5100N,Metal Bulk 1,,,
MPF-5100N,Metal Bulk 2,,,
MPF-5100N,Metal Bulk 3,,,
MPT-1000N,Loose MetalÊ,,,
MPT-1500N,Loose MetalÊ,,,
MPW-1000N,Loose MetalÊ,,,
MPW-2500N,Loose Metal 2,,,
MPW-6000N,Metal Bulk 1,,,
MPW-6000N,Metal Bulk 2,,,
MPW-6000N,Metal Bulk 3,,,
N10*70-CSKSS,Hardware 3,,,
N10*70-CSKSS,Hardware 4,,,
P4140C,Hardware 3,,,
P4140C,Bulk Hardware 2,,,
P4140S,Hardware 3,,,
PT-AP-GL,Hardware 3,,,
PT-AP-UN,Hardware 3,,,
PT-PR,Hardware 3,,,
RB10-M3000,Metal Bulk 1,,,
RB10-M3000,Metal Bulk 2,,,
RB10-M3000,Metal Bulk 3,,,
SL-TOOL,Bulk Hardware 2,,,
SLHR-2500B,Loose Metal 2,,,
SLHR-2500B,Metal Bulk 4,,,
SLHR-2500B,Metal Bulk 5,,,
SLHR-2500B,Metal Bulk 6,,,
SLHR-2500MB,Loose Metal 2,,,
SLHR-2500MB,Metal Bulk 4,,,
SLHR-2500MB,Metal Bulk 5,,,
SLHR-2500MB,Metal Bulk 6,,,
SLHR-2500N,Loose Metal 2,,,
SLHR-2500N,Metal Bulk 4,,,
SLHR-2500N,Metal Bulk 5,,,
SLHR-2500N,Metal Bulk 6,,,
SLHR-KIT,Hardware 3,,,
SLHR-KIT-EXB,Hardware 3,,,
TCG-10PM,Bulk Hardware 1,,,
TCG-10PM,Bulk Hardware 2,,,
TCG-8PM,Bulk Hardware 1,,,
TCG-8PM,Bulk Hardware 2,,,
TCG-CPM,Bulk Hardware 1,,,
TCG-CPM,Bulk Hardware 2,,,
SRW-001,Hardware 3,,,
SRW-001,Hardware 4,,,
U-CHL-10-20MB,Loose Metal 2,,,
U-CHL-10-20MB,Metal Bulk 4,,,
U-CHL-10-20MB,Metal Bulk 5,,,
U-CHL-10-20MB,Metal Bulk 6,,,
VIAL-16ML,Hardware 3,,,
VIAL-16ML,Hardware 4,,,
VIAL-CAP,Hardware 3,,,
VIAL-CAP,Hardware 4,,,
VIT-0015L,Hardware 3,,,
VIT-0015L,Hardware 4,,,
VIT-1000L,Hardware 3,,,
VIT-1000L,Hardware 4,,,
WP-6712,Loose Seals,,,
WP-676F,Loose Seals,,,
ARE-RO-M5100,Metal Bulk 1,,,
ARE-RO-M5100,Metal Bulk 2,,,
ARE-RO-M5100,Metal Bulk 3,,,
ARE-TR-M5100,Metal Bulk 1,,,
ARE-TR-M5100,Metal Bulk 2,,,
ARE-TR-M5100,Metal Bulk 3,,,
CLV-SIDK-3000,Metal Bulk 1,,,
CLV-SIDK-3000,Metal Bulk 2,,,
CLV-SIDK-3000,Metal Bulk 3,,,
CLV-SIDK-3000,Metal Bulk 4,,,
CLV-SIDK-3000,Metal Bulk 4,,,
CLV-SIDK-3000,Metal Bulk 5,,,
CLV-SIDK-3000,Metal Bulk 6,,,
CLV-SIDK-6000,Metal Bulk 1,,,
CLV-SIDK-6000,Metal Bulk 2,,,
CLV-SIDK-6000,Metal Bulk 3,,,
CLV-SIDK-6000,Metal Bulk 4,,,
CLV-SIDK-6000,Metal Bulk 5,,,
CLV-SIDK-6000,Metal Bulk 6,,,
EHDR-1000B,Loose MetalÊ,,,
EHDR-1000N,Loose MetalÊ,,,
EHDR-1500B,Loose MetalÊ,,,
EHDR-1500N,Loose MetalÊ,,,
EHDR-2000B,Loose Metal 2,,,
EHDR-2000N,Loose Metal 2,,,
EHDR-2000B,Metal Bulk 4,,,
EHDR-2000B,Metal Bulk 5,,,
EHDR-2000B,Metal Bulk 6,,,
EHDR-2000N,Metal Bulk 4,,,
EHDR-2000N,Metal Bulk 5,,,
EHDR-2000N,Metal Bulk 6,,,
EHDR-2500B,Loose Metal 2,,,
EHDR-2500B,Metal Bulk 4,,,
EHDR-2500B,Metal Bulk 5,,,
EHDR-2500B,Metal Bulk 6,,,
EHDR-2500N,Loose Metal 2,,,
EHDR-2500N,Metal Bulk 4,,,
EHDR-2500N,Metal Bulk 5,,,
EHDR-2500N,Metal Bulk 6,,,
MCP-3001N,Loose Metal 2,,,
MCP-3001N,Metal Bulk 6,,,
MCP-3001N,Metal Bulk 5,,,
MCP-3001N,Metal Bulk 4,,,
BTK-ET,Hardware 3,,,
SLHR-3000B,Loose Metal 2,,,
SLHR-3000B,Metal Bulk 4,,,
SLHR-3000B,Metal Bulk 5,,,
SLHR-3000B,Metal Bulk 6,,,
SLHR-3000N,Loose Metal 2,,,
SLHR-3000N,Metal Bulk 4,,,
SLHR-3000N,Metal Bulk 5,,,
SLHR-3000N,Metal Bulk 6,,,
EHDR-3000B,Metal Bulk 4,,,
EHDR-3000B,Metal Bulk 5,,,
EHDR-3000B,Metal Bulk 6,,,
EHDR-3000B,Loose Metal 2,,,
ARE-TR-M6300,Metal Bulk 5,,,
ARE-TR-M6300,Metal Bulk 6,,,
ARE-TR-M6300,Metal Bulk 4,,,
ARE-TR-M6300,Metal Bulk 3,,,
BCP-M6300,Metal Bulk 6,,,
BCP-M6300,Metal Bulk 5,,,
BCP-M6300,Metal Bulk 4,,,
BCP-M6300,Metal Bulk 3,,,
BCP-M5100,Metal Bulk 6,,,
BCP-M5100,Metal Bulk 5,,,
BCP-M5100,Metal Bulk 4,,,
BCP-M3000,Metal Bulk 6,,,
BCP-M3000,Metal Bulk 5,,,
BCP-M3000,Metal Bulk 4,,,
BCP-M3000,Metal Bulk 3,,,
BCP-M3000,Metal Bulk 2,,,
BCP-M3000,Metal Bulk 1,,,
BCP-M2000,Metal Bulk 6,,,
BCP-M2000,Metal Bulk 5,,,
BCP-M2000,Metal Bulk 4,,,
BCP-M2000,Metal Bulk 3,,,
BCP-M2000,Metal Bulk 2,,,
BCP-M2000,Metal Bulk 1,,,
BH-035,Hardware 4,,,
BH-035,Bulk Hardware 1,,,
BH-035,Bulk Hardware 2,,,
BH-425,Hardware 4,,,
BH-425,Bulk Hardware 1,,,
BH-425,Bulk Hardware 2,,,
BHDR-M3050,Metal Bulk 6,,,
BHDR-M3050,Metal Bulk 5,,,
BHDR-M3050,Metal Bulk 4,,,
BHDR-M3050,Metal Bulk 3,,,
BHDR-M3050,Metal Bulk 2,,,
BHDR-M3050,Metal Bulk 1,,,
BHDR-M2550,Metal Bulk 6,,,
BHDR-M2550,Metal Bulk 5,,,
BHDR-M2550,Metal Bulk 4,,,
BHDR-M2550,Metal Bulk 3,,,
BHDR-M2550,Metal Bulk 2,,,
BHDR-M2550,Metal Bulk 1,,,
BHDR-M2050,Metal Bulk 6,,,
BHDR-M2050,Metal Bulk 5,,,
BHDR-M2050,Metal Bulk 4,,,
BHDR-M2050,Metal Bulk 3,,,
BHDR-M2050,Metal Bulk 2,,,
BHDR-M2050,Metal Bulk 1,,,
BHDR-M1550,Metal Bulk 6,,,
BHDR-M1550,Metal Bulk 5,,,
BHDR-M1550,Metal Bulk 4,,,
BHDR-M1550,Metal Bulk 3,,,
BHDR-M1550,Metal Bulk 2,,,
BHDR-M1550,Metal Bulk 1,,,
BHDR-M1050,Loose MetalÊ,,,
BHR42-6000S,Metal Bulk 6,,,
BHR42-6000S,Metal Bulk 5,,,
BHR42-6000S,Metal Bulk 4,,,
BHR42-5000S,Metal Bulk 6,,,
BHR42-5000S,Metal Bulk 5,,,
BHR42-5000S,Metal Bulk 4,,,
BHR42-3000S,Metal Bulk 1,,,
BHR42-3000S,Metal Bulk 2,,,
BHR42-3000S,Metal Bulk 3,,,
BSP-M6300,Metal Bulk 1,,,
BSP-M6300,Metal Bulk 2,,,
BSP-M6300,Metal Bulk 3,,,
BSP-M6300,Metal Bulk 4,,,
BSP-M6300,Metal Bulk 5,,,
BSP-M6300,Metal Bulk 6,,,
BSP-M5100,Metal Bulk 1,,,
BSP-M5100,Metal Bulk 2,,,
BSP-M5100,Metal Bulk 3,,,
BSP-M5100,Metal Bulk 4,,,
BSP-M5100,Metal Bulk 5,,,
BSP-M5100,Metal Bulk 6,,,
BSP-M2500,Metal Bulk 1,,,
BSP-M2500,Metal Bulk 2,,,
BSP-M2500,Metal Bulk 3,,,
BSP-M2500,Metal Bulk 4,,,
BSP-M2500,Metal Bulk 5,,,
BSP-M2500,Metal Bulk 6,,,
BSP-M2000,Metal Bulk 1,,,
BSP-M2000,Metal Bulk 2,,,
BSP-M2000,Metal Bulk 3,,,
BSP-M2000,Metal Bulk 4,,,
BSP-M2000,Metal Bulk 5,,,
BSP-M2000,Metal Bulk 6,,,
BTC-512-180,Hardware 1,,,
BTC-512-180,Hardware 2,,,
BTC-512-90,Hardware 1,,,
BTC-512-90,Hardware 2,,,
BUCW-EC,Hardware 2,,,
CHNL-25-60N,Metal Bulk 1,,,
CHNL-25-60N,Metal Bulk 2,,,
CHNL-25-60N,Metal Bulk 3,,,
CHNL-25-60N,Metal Bulk 4,,,
CHNL-25-60N,Metal Bulk 5,,,
CHNL-25-60N,Metal Bulk 6,,,
CHNL-25-20N,Loose Metal 2,,,
CLV-LH-HND,Hardware 1,,,
CLV-LH-HND,Hardware 2,,,
CLV-SIDK-6000CH,Metal Bulk 1,,,
CLV-SIDK-6000CH,Metal Bulk 2,,,
CLV-SIDK-6000CH,Metal Bulk 3,,,
CLV-SIDK-6000CH,Metal Bulk 4,,,
CLV-SIDK-6000CH,Metal Bulk 5,,,
CLV-SIDK-6000CH,Metal Bulk 6,,,
CSLF-5100N,Metal Bulk 6,,,
CSLF-5100N,Metal Bulk 5,,,
CSLF-5100N,Metal Bulk 4,,,
CSLF-5100N,Metal Bulk 3,,,
CSLF-5100N,Metal Bulk 2,,,
CSLF-5100N,Metal Bulk 1,,,
CSLF-M6300,Metal Bulk 1,,,
CSLF-M6300,Metal Bulk 2,,,
CSLF-M6300,Metal Bulk 3,,,
CSLF-M5100,Metal Bulk 1,,,
CSLF-M5100,Metal Bulk 2,,,
CSLF-M5100,Metal Bulk 3,,,
CSLF-M3000,Metal Bulk 1,,,
CSLF-M3000,Metal Bulk 2,,,
CSLF-M3000,Metal Bulk 3,,,
CSLF-M2500,Metal Bulk 1,,,
CSLF-M2500,Metal Bulk 2,,,
CSLF-M2500,Metal Bulk 3,,,
CSLF-M2500,Metal Bulk 4,,,
CSLF-M2500,Metal Bulk 5,,,
CSLF-M2500,Metal Bulk 6,,,
CSLF-M2000,Metal Bulk 1,,,
CSLF-M2000,Metal Bulk 2,,,
CSLF-M2000,Metal Bulk 3,,,
CSLF-M2000,Metal Bulk 4,,,
CSLF-M2000,Metal Bulk 5,,,
CSLF-M2000,Metal Bulk 6,,,
CSLF-M1000,Metal Bulk 1,,,
CSLF-M1000,Metal Bulk 2,,,
CSLF-M1000,Metal Bulk 3,,,
CSLF-M1000,Metal Bulk 4,,,
CSLF-M1000,Metal Bulk 5,,,
CSLF-M1000,Metal Bulk 6,,,
CSLT-5100N,Metal Bulk 1,,,
CSLT-5100N,Metal Bulk 2,,,
CSLT-5100N,Metal Bulk 3,,,
CSLT-5100N,Metal Bulk 4,,,
CSLT-5100N,Metal Bulk 5,,,
CSLT-5100N,Metal Bulk 6,,,
CSLT-M6300,Metal Bulk 1,,,
CSLT-M6300,Metal Bulk 2,,,
CSLT-M6300,Metal Bulk 3,,,
CSLT-M5100,Metal Bulk 1,,,
CSLT-M5100,Metal Bulk 2,,,
CSLT-M5100,Metal Bulk 3,,,
CSLT-M3000,Metal Bulk 6,,,
CSLT-M3000,Metal Bulk 5,,,
CSLT-M3000,Metal Bulk 4,,,
CSLT-M3000,Metal Bulk 3,,,
CSLT-M3000,Metal Bulk 2,,,
CSLT-M3000,Metal Bulk 1,,,
CSLT-M2500,Metal Bulk 6,,,
CSLT-M2500,Metal Bulk 5,,,
CSLT-M2500,Metal Bulk 4,,,
CSLT-M2500,Metal Bulk 3,,,
CSLT-M2500,Metal Bulk 2,,,
CSLT-M2500,Metal Bulk 1,,,
CSLT-M2000,Metal Bulk 6,,,
CSLT-M2000,Metal Bulk 5,,,
CSLT-M2000,Metal Bulk 4,,,
CSLT-M2000,Metal Bulk 3,,,
CSLT-M2000,Metal Bulk 2,,,
CSLT-M2000,Metal Bulk 1,,,
DLS-HDR-2000N,Loose Metal 2,,,
DLS-HDR-2000B,Loose Metal 2,,,
DLS-HDR-3000N,Loose Metal 2,,,
M5*16-BHA,Hardware 2,,,
M5*16-BHA,Hardware 1,,,
M5*16-CSA,Hardware 4,,,
M5*16-CSA,Hardware 3,,,
M6*14-CSA,Hardware 3,,,
M6*16-CSA,Hardware 3,,,
M6*30-BHA,Hardware 3,,,
M6*30-BHA,Hardware 4,,,
MCP-M6300,Metal Bulk 6,,,
MCP-M6300,Metal Bulk 5,,,
MCP-M6300,Metal Bulk 4,,,
MCP-M6300,Metal Bulk 3,,,
MCP-M6300,Metal Bulk 2,,,
MCP-M6300,Metal Bulk 1,,,
MPF-1500N,Loose MetalÊ,,,
SLW-2000N,Loose Metal 2,,,
ST19-2000B,Loose Metal 2,,,
ST19-3000B,Loose Metal 2,,,
TCF-6000N,Metal Bulk 6,,,
TCF-6000N,Metal Bulk 5,,,
TCF-6000N,Metal Bulk 4,,,
TCF-6000N,Metal Bulk 3,,,
TCF-6000N,Metal Bulk 2,,,
TCF-6000N,Metal Bulk 1,,,
TSS-003-6-12,Loose Seals,,,
TSS-003-6-12,Bulk Seals,,,
U-CHL-10-20AB,Loose Metal 2,,,
U-CHL-10-M3000,Metal Bulk 6,,,
U-CHL-10-M3000,Metal Bulk 4,,,
U-CHL-10-M3000,Metal Bulk 5,,,
U-CHL-10-M3000,Metal Bulk 3,,,
U-CHL-10-M3000,Metal Bulk 2,,,
U-CHL-10-M3000,Metal Bulk 1,,,
U-CHL-10-M2000,Metal Bulk 6,,,
U-CHL-10-M2000,Metal Bulk 5,,,
U-CHL-10-M2000,Metal Bulk 4,,,
U-CHL-10-M2000,Metal Bulk 3,,,
U-CHL-10-M2000,Metal Bulk 2,,,
U-CHL-10-M2000,Metal Bulk 1,,,
26B-7250WH,Metal Bulk 6,,,
26B-7250WH,Metal Bulk 5,,,
26B-7250WH,Metal Bulk 4,,,
26B-7250WH,Metal Bulk 3,,,
26B-7250WH,Metal Bulk 2,,,
26B-7250WH,Metal Bulk 1,,,
26B-7250BL,Metal Bulk 6,,,
26B-7250BL,Metal Bulk 5,,,
26B-7250BL,Metal Bulk 4,,,
26B-7250BL,Metal Bulk 3,,,
26B-7250BL,Metal Bulk 2,,,
26B-7250BL,Metal Bulk 1,,,
ARE-CC-51BL,Metal Bulk 1,,,
ARE-CC-51BL,Metal Bulk 2,,,
ARE-CC-51BL,Metal Bulk 3,,,
ARE-CC-51BL,Metal Bulk 4,,,
ARE-CC-51BL,Metal Bulk 5,,,
ARE-CC-51BL,Metal Bulk 6,,,
ARE-CC-51BR,Metal Bulk 1,,,
ARE-CC-51BR,Metal Bulk 2,,,
ARE-CC-51BR,Metal Bulk 3,,,
ARE-CC-51BR,Metal Bulk 4,,,
ARE-CC-51BR,Metal Bulk 5,,,
ARE-CC-51BR,Metal Bulk 6,,,
ARE-CC-51CH,Metal Bulk 6,,,
ARE-CC-51CH,Metal Bulk 5,,,
ARE-CC-51CH,Metal Bulk 4,,,
ARE-CC-51CH,Metal Bulk 3,,,
ARE-CC-51CH,Metal Bulk 2,,,
ARE-CC-51CH,Metal Bulk 1,,,
ARE-CC-51WH,Metal Bulk 1,,,
ARE-CC-51WH,Metal Bulk 2,,,
ARE-CC-51WH,Metal Bulk 3,,,
ARE-CC-51WH,Metal Bulk 4,,,
ARE-CC-51WH,Metal Bulk 5,,,
ARE-CC-51WH,Metal Bulk 6,,,
ARE-DS,Hardware 4,,,
ARE-DS,Hardware 3,,,
ARE-PSB,Hardware 4,,,
ARE-PSB,Hardware 3,,,
ARE-RC-42BR,Metal Bulk 1,,,
ARE-RC-42BR,Metal Bulk 2,,,
ARE-RC-42BR,Metal Bulk 3,,,
ARE-RC-42BR,Metal Bulk 4,,,
ARE-RC-42BR,Metal Bulk 5,,,
ARE-RC-42BR,Metal Bulk 6,,,
ARE-RC-72N,Metal Bulk 1,,,
ARE-RC-72N,Metal Bulk 2,,,
ARE-RC-72N,Metal Bulk 3,,,
ARE-RC-72N,Metal Bulk 4,,,
ARE-RC-72N,Metal Bulk 5,,,
ARE-RC-72N,Metal Bulk 6,,,
ARE-RC-72WH,Metal Bulk 6,,,
ARE-RC-72WH,Metal Bulk 5,,,
ARE-RC-72WH,Metal Bulk 4,,,
ARE-RC-72WH,Metal Bulk 3,,,
ARE-RC-72WH,Metal Bulk 2,,,
ARE-RC-72WH,Metal Bulk 1,,,
ARE-RJ-BL-EX,Metal Bulk 1,,,
ARE-RJ-BL-EX,Metal Bulk 2,,,
ARE-RJ-BL-EX,Metal Bulk 3,,,
ARE-RJ-BL-EX,Metal Bulk 4,,,
ARE-RJ-BL-EX,Metal Bulk 5,,,
ARE-RJ-BL-EX,Metal Bulk 6,,,
ARE-RJ-BL-EX,Hardware 4,,,
ARE-RJ-BL-EX,Hardware 3,,,
ARE-RJ-BR-EX,Metal Bulk 1,,,
ARE-RJ-BR-EX,Metal Bulk 2,,,
ARE-RJ-BR-EX,Metal Bulk 3,,,
ARE-RJ-BR-EX,Metal Bulk 4,,,
ARE-RJ-BR-EX,Metal Bulk 5,,,
ARE-RJ-BR-EX,Metal Bulk 6,,,
ARE-RJ-BR-EX,Hardware 4,,,
ARE-RJ-BR-EX,Hardware 3,,,
ARE-RJ-CH-EX,Hardware 3,,,
ARE-RJ-CH-EX,Hardware 4,,,
ARE-RJ-CH-EX,Metal Bulk 1,,,
ARE-RJ-CH-EX,Metal Bulk 2,,,
ARE-RJ-CH-EX,Metal Bulk 3,,,
ARE-RJ-CH-EX,Metal Bulk 4,,,
ARE-RJ-CH-EX,Metal Bulk 5,,,
ARE-RJ-CH-EX,Metal Bulk 6,,,
ARE-RJ-M-EX,Metal Bulk 1,,,
ARE-RJ-M-EX,Metal Bulk 2,,,
ARE-RJ-M-EX,Metal Bulk 3,,,
ARE-RJ-M-EX,Metal Bulk 4,,,
ARE-RJ-M-EX,Metal Bulk 5,,,
ARE-RJ-M-EX,Metal Bulk 6,,,
ARE-RJ-M-EX,Hardware 4,,,
ARE-RJ-M-EX,Hardware 3,,,
ARE-RJ-N-EX,Metal Bulk 1,,,
ARE-RJ-N-EX,Metal Bulk 2,,,
ARE-RJ-N-EX,Metal Bulk 3,,,
ARE-RJ-N-EX,Metal Bulk 4,,,
ARE-RJ-N-EX,Metal Bulk 5,,,
ARE-RJ-N-EX,Metal Bulk 6,,,
ARE-RJ-WH-EX,Hardware 3,,,
ARE-RJ-WH-EX,Hardware 4,,,
ARE-RJ-WH-EX,Metal Bulk 1,,,
ARE-RJ-WH-EX,Metal Bulk 2,,,
ARE-RJ-WH-EX,Metal Bulk 4,,,
ARE-RJ-WH-EX,Metal Bulk 3,,,
ARE-RJ-WH-EX,Metal Bulk 5,,,
ARE-RJ-WH-EX,Metal Bulk 6,,,
ARE-SFB-M0050,Metal Bulk 6,,,
ARE-SFB-M0050,Metal Bulk 5,,,
ARE-SFB-M0050,Metal Bulk 4,,,
ARE-SFB-M0050,Metal Bulk 3,,,
ARE-SFB-M0050,Metal Bulk 2,,,
ARE-SFB-M0050,Metal Bulk 1,,,
ARE-SFB-M0050,Hardware 3,,,
ARE-SFB-M0050,Hardware 4,,,
M6*16-GS,Hardware 3,,,
M6*16-GS,Hardware 4,,,
MP-CHNL-2000N,Loose Metal 2,,,
MPF-M5100,Metal Bulk 6,,,
MPF-M5100,Metal Bulk 5,,,
MPF-M5100,Metal Bulk 4,,,
MPF-M5100,Metal Bulk 3,,,
MPF-M5100,Metal Bulk 2,,,
MPF-M5100,Metal Bulk 1,,,
MPT-M5100,Metal Bulk 6,,,
MPT-M5100,Metal Bulk 5,,,
MPT-M5100,Metal Bulk 4,,,
MPT-M5100,Metal Bulk 3,,,
MPT-M5100,Metal Bulk 2,,,
MPT-M5100,Metal Bulk 1,,,
SLW-2000B,Loose Metal 2,,,
SP52-PRB,Patch Fitting,,,
SP52-PRB,Hardware 3,,,
SP52-PRB,Hardware 4,,,
WP-679,Bulk Seals,,,
SB19-1000AB,Loose MetalÊ,,,
ARE-SFB-M5100,Metal Bulk 6,,,
ARE-SFB-M5100,Metal Bulk 5,,,
ARE-SFB-M5100,Metal Bulk 4,,,
ARE-SFB-M5100,Metal Bulk 3,,,
ARE-SFB-M5100,Metal Bulk 2,,,
ARE-SFB-M5100,Metal Bulk 1,,,
U-CHL-19-10N,Loose MetalÊ,,,
ARE-SAM,Patch Fitting,,,
