item_code,count_theoretical
5*25-7991,945
6*12-916,156
6*16-916,1500
ABG-001,0
ABG-006,0
ABG-008,348
AIA12-2000B,0
AIA12-3000B,0
AIA12-ANO-BPS,0
AIA12-M3000,0
AIA12-M6000,0
AIA15-3000B,13
AIA15-M3000,0
AIA15-M6000,0
AIA19-3000N,0
AIA25-0500B,0
AIA25-1000B,0
AIA25-1000W,4
AIA-2512-3000B,0
AIA2512-6000M,10
AIA251-3000N,0
AIA25-2000B,23
AIA25-2000W,0
AIA25-2500B,1
AIA25-3000B,2
AIA25-3000N,0
AIA25-3000W,1
AIA25-6000M,0
AIA25-6000W,0
AIA5025-3000B,0
AIA50-6000M,0
ALM-SBTR-PM,327
AN0-MCP35-NAT,0
ANO-BHDR-BPS,0
ANO-BHDR-NAT,0
ANO-BP-NAT-PM,0
ANO-BRASS,0
ANO-BRONZE,0
ANO-BSP-BPS,0
ANO-CHNL10-BPS,0
ANO-CHNL10-NAT,0
ANO-CHNL8-BPS,594
ANO-CHNL8-NAT,0
ANO-CSLEND-NAT,0
ANO-CSLF-BPS,0
ANO-CSLF-LBS,0
ANO-CSLT-BPS,0
ANO-CSLT-LBS,0
ANO-DLS-NAT,0
ANO-DSL-BPS-PM,0
ANO-EHDR-BPS,0
ANO-EMP-HNG-R-N,0
ANO-HDR-BS,0
ANO-HDR-NAT-PM,0
ANO-HNG-BPS,0
ANO-INS-10M-BPS,0
ANO-INS-10-NAT,0
ANO-INS8-BPS,0
ANO-KAL-NAT,0
ANO-KLW-3000P,0
ANO-MCP19-BPS,0
ANO-MCP19-NAT,0
ANO-MCP-3001B,0
ANO-MCP35-BPS,0
ANO-MCP35-NAT,0
ANO-MPCHNL-NAT,0
ANO-NATURAL,0
ANO-POLISH,0
ANO-SHDR-BPS,0
ANO-SHDR-PM,0
ANO-SHDRPM-N,0
ANO-SLHR-BPS,0
ANO-SLHR-NAT,0
ANO-SLW-NAT,0
AP2520,1160
AP2530,0
AP2530S,654
AP2550,1008
AP2550S,32
B13-WHEEL,1
B315ANBZ,0
B315ANBZ-BTMK,0
B315ANBZ-SIDK,0
B315ANBZ-TOPK,0
BAL-GG1,0
BAL-GG2,0
BAL-GL180,1
BAL-GL90,0
BAL-WG1,0
BCC-000P,63
BCC-000S,90
BCF-000P,1
BCF-000S,50
BH-001,38
BH-010,121
BH-015,20
BH-030,1
BH-030-S,0
BH-030SQ,0
BH-035,15
BH-035-S,12
BH-040,178
BH-040SQ,0
BH-060,0
BH-060-S,4
BH-300,0
BH-425,287
BHDR-1000B,0
BHDR-1000C,0
BHDR-1000N,0
BHDR-1500B,4
BHDR-1500N,0
BHDR-2000B,39
BHDR-2000N,19
BHDR-2500B,3
BHDR-2500N,7
BHDR-3000B,0
BHDR-3000N,5
BHDR-ANO-BPS,0
BHDR-KIT,0
BHDR-KIT-EXB,0
BHDR-M1050,0
BHDR-M1550,0
BHDR-M2050,0
BHDR-M2550,0
BHDR-M3050,0
BHDR-M5100,0
BHDR-M6300,0
BO320.0,0
BO5101502,0
BO5101513N,0
BO5205105,0
BREDK01,0
BSK001,0
BSK-06-TSG,0
BSP-1000B,0
BSP-1000N,0
BSP-1500B,1
BSP-1500N,0
BSP-2000B,27
BSP-2000N,0
BSP-2500B,10
BSP-2500N,20
BSP-3000B,0
BSP-3000N,1
BSP-ANO-BPS,0
BSP-ANO-NAT,0
BSP-M2000,0
BSP-M2500,0
BSP-M3000,0
BSP-M6000,20
BTK-ET,9
BTK-ET-S,3
BUF-15MM,926
C140,0
CAB-801-90,0
CAS001,0
CAS002,0
CC02,0
CC04,0
CHNL-25-10N,0
CHNL-25-15N,0
CHNL-2519-60N,20
CHNL-25-20N,0
CHNL-25-30N,0
CHNL-25-60N,0
CHNL-25-65N,1
CHNL-25-ANO-NAT,0
CLAMP-BACPLATE,358
CLAMP-BEVPLA,0
CLAMP-DOMPLA,0
CLAMP-FDOMPLA,840
CLAMP-LANPLA,14
CLAMPZ-PLATE,144
CLV-B-3000ANO-N,0
CLV-BLKCAT,12
CLV-BTMK-2100,10
CLV-BTMK-2100BR,0
CLV-BTMK-2400,0
CLV-BTMK-2400BR,0
CLV-BTMK-3000,4
CLV-BTMK-3000BR,0
CLV-BTMK-3000N,0
CLV-BTMK-3600,1
CLV-BTMK-3600BR,0
CLV-BTMK-3600CH,0
CLV-BTMK-4200,0
CLV-BTMK-4200BR,0
CLV-BTMK-5100,0
CLV-BTMK-5100BR,0
CLV-BTMK-5100N,0
CLV-BTMK-5900,0
CLV-BTMK-5900BR,0
CLV-BTMK-7200,3
CLV-BTMK-7200BR,0
CLV-DNUT,0
CLV-GH,22
CLV-GH-BRN,0
CLV-LH,4
CLV-LH-BRN,0
CLV-LH-EXH,14
CLV-LP,20
CLV-LP-BRN,0
CLV-LPIN-EXL,1
CLV-MH,0
CLV-MH-CB,23
CLV-MH-CB-BRN,0
CLV-MH-CS,13
CLV-MH-CS-BRN,0
CLV-PH,11
CLV-PH-BRN,0
CLV-RBR,174.6
CLV-RH,21
CLV-RH-BRN,0
CLV-S-6000ANO-N,0
CLV-SIDK-3000,0
CLV-SIDK-6000,3
CLV-SIDK-6000BR,0
CLV-SIDK-6000CH,0
CLV-SIDK-6000N,1
CLV-T-1500ANO-N,0
CLV-T-3000ANO-N,0
CLV-T5100ANO-N,0
CLV-TOPK-2100,16
CLV-TOPK-2100BR,0
CLV-TOPK-2400,0
CLV-TOPK-2400BR,0
CLV-TOPK-3000,6
CLV-TOPK-3000BR,0
CLV-TOPK-3000N,0
CLV-TOPK-3600,0
CLV-TOPK-3600BR,0
CLV-TOPK-3600CH,0
CLV-TOPK-4200,0
CLV-TOPK-4200BR,0
CLV-TOPK-5100,0
CLV-TOPK-5100BR,0
CLV-TOPK-5100N,0
CLV-TOPK-5900,0
CLV-TOPK-5900BR,0
CLV-TOPK-7200,3
CLV-TOPK-7200BR,0
CLV-TOPK-7200N,1
COU-FEE,0
CSL-789BR,0
CSL-789D,609
CSL-789N,76
CSL-789T,0
CSL-90COVER,0
CSL-90DEG,1
CSL-ANO-BPS-PM,0
CSL-CKIT,0
CSL-CNRKIT,0
CSL-DBC,14
CSL-END,0
CSL-END-B,22
CSL-END-N,45
CSLF-1000B,7
CSLF-1000N,4
CSLF-1500B,1
CSLF-1500N,1
CSLF-2000B,15
CSLF-2000BR,0
CSLF-2000L,1
CSLF-2000N,0
CSLF-2300N,0
CSLF-2500B,32
CSLF-2500N,0
CSLF-2700N,0
CSLF-3000B,43
CSLF-3000N,4
CSLF-3050N,0
CSLF-3500N,0
CSLF-4100N,0
CSLF-5100N,13
CSLF-5400N,9
CSLF-6100N,14
CSLF-ANO-BPS,0
CSLF-M1000,0
CSLF-M1050,0
CSLF-M1500,0
CSLF-M2000,0
CSLF-M2500,0
CSLF-M2700,0
CSLF-M3000,1
CSLF-M3050,0
CSLF-M5100,10
CSLF-M5400,0
CSLF-M6100,0
CSLF-M6300,6
CSLF-MILL-PM,0
CSLF-NAT-ANO,0
CSLF-NAT-PM,0
CSL-KIT,0
CSL-SHIM,0
CSL-SKIT,0
CSLT-1000B,4
CSLT-1000N,0
CSLT-1500B,0
CSLT-1500N,1
CSLT-2000B,25
CSLT-2000BR,0
CSLT-2000C,0
CSLT-2000L,2
CSLT-2000N,37
CSLT-2390N,0
CSLT-2500B,28
CSLT-2500N,0
CSLT-2700N,0
CSLT-3000B,20
CSLT-3000N,0
CSLT-3050N,0
CSLT-3500N,0
CSLT-5100N,18
CSLT-5400N,9
CSLT-6100N,33
CSLT-ANO-BPS,0
CSLT-M1000,0
CSLT-M1050,0
CSLT-M1500,0
CSLT-M2000,0
CSLT-M2500,0
CSLT-M2700,0
CSLT-M3000,1
CSLT-M3050,0
CSLT-M5100,0
CSLT-M6100,0
CSLT-M6300,11
CSLT-MILL-PM,0
CSLT-NAT-ANO,0
CSLT-NAT-PM,0
CSL-WKIT,0
DDH-802-180,0
DK-201,263
DK-201A,3912
DK-201-B,0
DK-201-H300,1
DK201-H300S,0
DK-201-H305,22
DK201-H305S,0
DK-201-H400,9
DK201-H400S,18
DK-201-H425,44
DK-201-H600,63
DK201-H600S,1
DK-201-S,122
DK-201Z,0
DK-203,478
DK-204,177
DK-204A,1292
DK-204L,214
DK-204L(99),0
DK-204-S,43
DK-205,4
DK-205A,294
DK209,0
DK-209,0
DK-209A,233
DK-209W,19
DK-213,70
DK-213A,1221
DK-215,0
DK-215A,253
DK-231,0
DK-232,12
DK-232A,495
DK-232-H400,3
DK-232-H425,1
DK-232-H600,19
DK-232L,4
DK-MDSH,196
DL-001P,1
DL-001-S,0
DL-002P,5
DL-002-S,0
DL01-1,0
DL02,0
DL-02P,21
DL03,0
DL05,0
DL08,0
DL09,0
DL100,0
DL100P,0
DL200,0
DL220,0
DL300,0
DL311B,0
DL313,0
DL400,0
DL410L,1
DL410R,1
DL800,0
DL810,0
DL820,0
DL830,0
DL860A,0
DL860B,0
DL862,2
DL900B,0
DLS-HDR-1000B,0
DLS-HDR-1000N,0
DLS-HDR-1500B,0
DLS-HDR-1500N,3
DLS-HDR-2000B,0
DLS-HDR-2000N,0
DLS-HDR-2500B,14
DLS-HDR-2500N,5
DLS-HDR-3000B,12
DLS-HDR-3000N,1
DLS-HDR-5100N,3
DLS-HDR-ANO-BPS,0
DLS-HDR-M1000,0
DLS-HDR-M1500,0
DLS-HDR-M2000,12
DLS-HDR-M2500,0
DLS-HDR-M3000,0
DLS-HDR-M5100,33
DLS-HDR-MILL-PM,0
DLS-NAT-ANO-PM,0
DP-ANT,0
DP-BTG,0
DP-CSB,81
DP-FLG,0
DP-FLW,66
DP-FPL,55
DP-GFT,145
DP-LOCKTIGHT,4
DP-RWH,21
DP-SLW,0
DP-TOOL,85
DP-TSGP,1
DP-TSGP-G001,0
DP-TSGP-G002,0
DR-WBR,32
DS-CP-FM,0
DS-FM-S,1
DS-HM,0
DS-HM-S,0
DS-SS-FM,1
DS-SS-WM,10
DUP-KIT,0
EHDR-1000B,2
EHDR-1000M,0
EHDR-1000N,0
EHDR-1500B,0
EHDR-1500N,3
EHDR-2000B,6
EHDR-2000N,1
EHDR-2500B,9
EHDR-2500N,2
EHDR-3000B,9
EHDR-3000N,2
EHDR-M1050,1
EHDR-M2050,0
EHDR-M2550,0
EHDR-M3050,0
EHDR-M5100,9
EHDR-M6100,8
EHDR-MILL-PM,0
EHR-6000-M,0
EHR-ANO-BPS-P/M,0
EHR-ANO-NAT-PM,0
EL-PLATING,0
EMP-ALP,46
EMP-BIP-MIL-PM,0
EMP-BPI-ANO,0
EMP-CNB,0
EMP-CNP,0
EMP-DBC,197
EMP-HNG-ANO-BPS,0
EMP-KIT,0
EMP-PCW,0
EMP-RWB,41
EMP-WBR,0
F170,0
F172,0
F501,0
FGC-PSQ,0
FIN001,0
FIN008,8
FL170,0
FLB10-1000B,0
FLB10-1500B,0
FLB10-2000B,0
FLB10-3000B,18
FLB-10MM,0
FLB12-1000B,1
FLB12-1500B,0
FLB12-2000B,0
FLB12-3000B,16
FLB12-M3000,0
FLB12-M6000,0
FLB-12MM,0
FLB15-1000B,3
FLB15-1500B,1
FLB15-2000B,0
FLB15-3000B,23
FLB15-M3000,0
FLB15-M6000,0
FLB-19.06*3.18,0
FLB-19-06-3.8PM,0
FLB19-1000B,0
FLB19-1500B,0
FLB19-2000B,2
FLB19-3000B,30
FLB25-1000B,5
FLB25-1500B,0
FLB25-2000B,0
FLB25-3000B,30
FLB25-M3000,0
FLB25-M6000,0
FLB-25MM,0
FLB-CLAMP,0
FT-50,0
FT-52,3
FT-52-S,0
FT-53,5
FT-53-S,0
G014,0
GA0002,0
GAC001,0
GAC002,12558
GAS001,7799
GAS002,7506
GC-501,960
GC-502,1995
GC-503,3
GC-504,996
GC-506,0
GC-701,95
GC-701-D,11
GC-701-D-S,100
GC-701-S,127
GC-702,176
GC-702-S,0
GC-703,274
GC-704,179
GC-705,96
GC-705-S,0
GC-706,25
GC-706-S,100
GC-801,0
GC-801-B,4
GC-801-D,505
GC-801-S,84
GC-802,116
GC-802-B,0
GC-802-S,61
GC-803,139
GC-803-B,0
GC-803-S,113
GC-804,1490
GC-804-B,0
GC-804-S,35
GC-805,64
GC-805-S,65
GC-806,154
GC-806-B,0
GC-806-S,64
GC-807,144
GC-807-S,14
GC-901,368
GC-902,1602
GC-903,2
GC-904,1741
GC-905,112
GC-906,37
GCL001,0
GCL002,0
GCL003,0
GDH-602,3506
GDH-603,186
GDH-604,716
GDL-0041,0
GDL-0061,13
GDL-0061P,0
GDL-0061S,0
GDL-0062,28
GDL-0062P,0
GDL-0062S,0
GFC002,3600
GFH002,700
GFL-10,0
GL10,0
GL12,0
GL5,0
GL8,0
GL-801,0
GL-802,93
GR-SCR-A2-M06,50
GS-2030-SN,0
GS-2525-SN,100
GS-3030-SH,0
GS-3030-SN,0
GSG-2030-SN,230
GSG-2525-SH,7
GSG-2525-SN,105
GSG-3030-CH,0
GSG-3030-SH,210
GSG-3030-SN,267
GSG-5525-CH,0
GSG-5525-SH,0
GSH-101,0
GSH-102,443
GSH-102-S,64.99999695
GSH-201,0
GSH-201-S,0
GSH-202,215
GSH-202-S,0
GSH-203,91
GSH-203A,731
GSH-203-B,0
GSH-203-FIN,68
GSH-203G,0
GSH-203G-B,0
GSH-203-S,21
GSH-203W,36
GSH-203W-B,0
GSH-301,48
GSH-301-S,49
GSH-401,313
GSH-401-S,200
H100T,38
H-100-T,0
HDR-135DC,0
HDR-8MM-GAS-PM,148.9999999
HDR-90DC,192
HDR-ANO-BPS,0
HDR-DAM-MIL-PM,0
HDR-DAM-PM,0
HDR-FL-CON,1218
HDR-FL-PRO,0
HDR-HR90,65
HDR-HRR,183
HDR-HRW,106
HDR-PM,0
HDR-T-B,0
HDR-WBR,761
HMP-1000,23
HMP-2000,0
HMP-3000,30
HMPH-1000B,0
HMPH-1500B,0
HMPH-3000P,0
HNG-RL-1000B,3
HNG-RL-1000N,3
HNG-RL-1500B,2
HNG-RL-1500N,1
HNG-RL-2000B,0
HNG-RL-2000N,0
HNG-RL-2000W,1
HNG-RL-3000B,6
HNG-RL-3000N,14
HNG-RL-M0750,0
HNG-RL-M1050,0
HNG-RL-M1500,0
HNG-RL-M2550,0
HNG-RL-M3050,0
HNG-RL-M6100,12
HNG-RL-MILL-PM,0
HR-047,0
HR-048,0
HRG001,1
HRG006,0
HRG008,0
HRSR-2000,0
HRSR-3000,1
HRSR-6000,0
HRSR-90ELB,0
HRSR-ELB90,4
HRSR-END,4
HRSR-END50,0
HSF-000P,4
HSF-000S,0
HSF-005S,0
HSP-10,0
HSP-10HP,0
HSP-16,0
HSP-16HP,0
HSP-25,0
HSP-25HP,0
HSP-30,0
HSP-30HP,0
HSR-000P,0
HUL-AXI,0
IM-H-1,3
INCH8-ANOPM-BPS,0
INS-10-30-AN-BR,0
INS-8-30-AN-BR,0
INSCHL-10-M1000,0
INSCHL-10-M1500,0
INSCHL-10-M2000,0
INSCHL-10-M3000,60
INSCHL-10-M6100,0
INSCHL-10-M6300,50
INS-CHNL-10-10,0
INS-CHNL-10-10N,6
INS-CHNL-10-15,0
INS-CHNL-10-15N,2
INS-CHNL-10-20,380
INS-CHNL-10-20B,0
INS-CHNL-10-20N,122
INS-CHNL-10-30,1.000000017
INS-CHNL-10-30B,7
INS-CHNL-10-30N,39
INS-CHNL-19-10N,0
INS-CHNL-19-15N,0
INS-CHNL-19-20N,0
INS-CHNL-19-30,0
INS-CHNL-19-30N,1
INS-CHNL-19-60N,3
INS-CHNL-20-30,0
INS-CHNL-25-10N,0
INS-CHNL-25-15N,0
INS-CHNL-25-20N,0
INS-CHNL-25-30N,4
INS-CHNL-25-60N,0
INS-CHNL-25-65N,0
INS-CHNL-25-M30,0
INSCHNL-25-N,0
INS-CHNL-8-10,34
INS-CHNL-8-10N,5
INS-CHNL-8-12N,0
INS-CHNL-8-15,0
INS-CHNL-8-15N,2
INS-CHNL-8-20,159
INS-CHNL-8-20N,47
INS-CHNL-8-23N,0
INS-CHNL-8-30,0
INS-CHNL-8-305M,0
INS-CHNL-8-30B,8
INS-CHNL-8-30N,4
INS-CHNL-8-30W,0
INSCHNL-8-ANO-N,0
INS-CHNL-8-GAS,180
INSCHNL-8-M1000,0
INSCHNL-8-M1500,0
INSCHNL-8-M2000,0
INSCHNL-8-M2500,0
INSCHNL-8-M3000,198
INSCHNL-8-M5100,0
INSCHNL-8-M6100,0
INS-CHNL-8MM-NA,0
INS-CHNL-M2033,0
INS-CNL-10P/M,0
INS-CNL-8MMP/M,0
JHB146/300,0
JHB418/450,0
JI235/300,0
KA-003*19,150
KA-003*19-S,31
KA-101-*19,223
KA-101-*19B,0
KA-101-*19-S,141
KA-102*19,165
KA-103*19,261
KA-103*19-B,0
KA-103-*19B,0
KA-103*19S,0
KA-103*19-S,13
KA-106*19,160
KA-107*19,150
KA-109*19,100
KA-111*19,244
KA-111*19-B,0
KA-111*19-S,72
KA-201*19,0
KA-203*19,0
KA-207*19,0
KAL-BSK06,5
KAL-BSK-KIT,5
KAL-GTG-KIT,0
KAL-PTW-KIT,0
KAL-WTG-KIT,0
KLW-1000N,59
KLW-1000P,25
KLW-1500N,1
KLW-1500P,0
KLW-2000N,0
KLW-2000P,0
KLW-3000M,0
KLW-3000N,0
KLW-3000P,62
KLW-M0825,15
KLW-M0925,2
KLW-NAT-ANO,0
KLW-PM,0
LEO-360,0
LIME-R-500ML,4
LV740,0
M5*10-CSKMS,500
M5*6-GS,500
M6*10-CSK,986
M6*16-FW,0
M6*40-CSR,0
M6*6-GS,3743
M8*25-CSK,50
M8*30-DA,50
MCP-1000N,2
MCP-1000P,1
MCP-1001A,1
MCP-1001B,0
MCP-1001N,3
MCP-1001P,22
MCP-1001P-N,0
MCP-1500N,4
MCP-1500P,9
MCP-1501A,0
MCP-1501B,0
MCP-1501N,1
MCP-1501P,41
MCP-19-ANO-BPS,0
MCP-19-ANO-NAT,0
MCP-19MM-ILL-PM,0
MCP-2000N,55
MCP-2000P,52
MCP-2001A,1
MCP-2001B,0
MCP-2001N,25
MCP-2001P,161
MCP-2500P,0
MCP-2501P,0
MCP-30001N,0
MCP-3000N,41
MCP-3000P,42
MCP-3000P-N,0
MCP-3001A,11
MCP-3001B,0
MCP-3001N,98
MCP-3001P,364
MCP-3050M,0
MCP-3051M,0
MCP35-ANO-B/SPM,0
MCP35-ANO-NT/PM,0
MCP-35-MILLPM,0
MCP-5100M,0
MCP-6050M,0
MCP-M2000,0
MCP-M2001,0
MCP-M3000,0
MCP-M3001,0
MCP-M3050,0
MCP-M5100,99
MCP-M5101,0
MIS10,0
MPBC-CH,0
MP-CHNL-1000N,4
MP-CHNL-1500N,1
MP-CHNL-2000N,0
MP-CHNL-3000N,224
MP-CHNL-M3000,670
MPF-1000N,8
MPF-1500N,3
MPF-2000N,7
MPF-2500N,1
MPF-3000N,3
MPF-5100N,0
MPF-6000N,34
MPF-M1000,0
MPF-M1500,0
MPF-M2000,0
MPF-M2500,0
MPF-M3000,0
MPF-M5100,0
MPF-M6100,0
MPT-1000N,0
MPT-1500N,0
MPT-2000N,3
MPT-2500N,2
MPT-3000N,4
MPT-5100N,11
MPT-6000N,0
MPT-M1000,0
MPT-M1500,0
MPT-M2000,0
MPT-M2500,0
MPT-M3000,0
MPT-M5100,0
MPT-M6100,0
MPW-1000N,1
MPW-1500N,1
MPW-2000N,0
MPW-2500N,2
MPW-3000N,11
MPW-5100N,0
MPW-6000N,60
MPW-M1000,0
MPW-M1500,0
MPW-M2000,0
MPW-M2500,0
MPW-M3000,0
MPW-M5100,0
MPW-M6100,0
MTM-NLF,0
N08*38-7982,14304
NANO-CLE301,7
NANO-CLE301-500,0
NANO-E2C105,2
NANO-E2C105-500,1
NANO-E2C113,19
NANO-E2C113-500,0
NANO-KIT,2
NANO-ORB,0
NKPDLS-MILL,0
OXB-1041,9
OXB-1042,61
OXB-11-19,1234
OXB-1-19,92
OXB-12,200
OXB-150-350,133
OXB-150-350S,48
OXB-150-425P,125
OXB-403,123
OXB-405,173
OXB-4-19,1081
OXB-745,249
OXB-746,210
OXB-747,295
OXB-792P,601
OXB-850D-305,30
OXB-850D-425,0
OXB-850D-600,14
OXB-960,6
OXB-962,0
OXB-962G,48
OXB-962W,38
OXB-966-1300,60
OXB-966-600,19
P0810,0
P0820,0
P1501,0
P1502,0
P1504N,0
P1700,0
P1701,0
P1701-1000,0
P1701-1500,0
P1701-2000,0
P1701-3000,1
P1702,0
P1702-3000,0
P1703,0
P1704,0
P1705,0
P1710-1000N,0
P1710-1500N,0
P1710-2000N,0
P1710-2500N,0
P1710-3000N,0
P1713-1000,0
P1713-1500,0
P1713-2000,0
P1713-3000,0
P1714-1000,0
P1714-1500,0
P1714-2000,0
P1714-3000,0
P1715-3000,0
P3794,0
P3795,0
P3844,1
P3844-BLK,0
P4010,1
P4010C,25
P4101,0
P4102,0
P4103,0
P4104,0
P4105,0
P4140C,132
P4140S,6
P4281,11
P4281C,127
P4282,9
P4282C,77
P4340,13
P4340C,63
P4341,11
P4341-BLK,0
P4341C,0
P4342,20
P4342C,121
P4343,5
P4343C,40
P4344,5
P4344C,64
P4344-PIN,46
P4345,6
P4345C,0
P4346,0
P4347,14
P4348,3
P4348C,138
P4350,7
P4350-BLK,0
P5228-2500,0
P5284,0
P5340,0
P6000,0
P6001,0
P6002,0
P6003,0
P6261,0
P6851,0
PCR3JB,0
PCW-EMP-PM,0
PC-WHITE,0
PF102,0
PF104,0
PLUG-SX8,9874
POWDERBLACK,0
POWDERCHROME,0
POWDERCOATING,0
PRT001,165
PT10AL,0
PT15,0
PT20,0
PT20AL,0
PT41L,0
PT41R,0
PT80,0
PTB05,0
PTM13,0
PW28,0
PWC-1000B,5
PWC-1500B,1
PWC-1500M,0
PWC-2000B,0
PWC-2000M,0
PWC-2000N,0
PWC-2500B,0
PWC-3000B,2
PWC-3000M,0
PWC-ANO,0
PWC-ANO-BPS-PM,0
PWC-MIL-PM,0
RSM090-08B,498
RSM090-10B,200
RSS-008A-10,998
RSS-008A-8,681
RWH-001,0
SAH-000P,0
SAH-134D,0
SB-001,0
SB-002,0
SB-003,0
SB-EUL,0
SBF-000P,14
SBTR25-PM,10.5
SBW-000P,15
SBW-000S,0
SCH045/225,0
SCH146/135,0
SCH146/185,1
SCH146/285,1
SCH146/435,0
SCH146/485,0
SCH146/575,0
SCH146/585,0
SCH212/350,5
SCH213/152,5
SCH213/305,4
SCH215/350,4
SCH216/450,1
SCH216/500,0
SCH233/286,0
SCH235/300,6
SCH235/450,5
SCH418/180,4
SCH418/300,0
SCH418/350,0
SCH418/425,0
SCH-IM-H-1,0
SCH-THWM-54,99
SCH-THWN-54,0
SCK-GLM,13
SCK-GLM-NB,29
SCK-GLM-S,0
SCK-TBUSH,0
SDF-000P,0
SDH-101-135,81
SDH-101-90,14
SDH-101-90HP,537
SDH-101-90HPA,0
SDH-101-90-PB,0
SDH-102-135,90
SDH-102-135-B,0
SDH-102-135EC,19
SDH-102-135-S,61
SDH-102-180,26
SDH-102-180A,0
SDH-102-90,165
SDH-104-360,131
SDH-104-360-S,30
SDH-108-360,90
SDH-401-90HP,0
SDH-402-180,0
SDH-501-90HP,0
SDH-502-180,0
SDH-801-135,200
SDH-801-360,97
SDH-801-360-S,4
SDH-801-90,152
SDH-801-90HP,433
SDH-801-90HPA,4
SDH-801-90HP-B,0
SDH-801-90HP-S,277
SDH-801-90HP-Z,0
SDH-802-135,118
SDH-802-135A,122
SDH-802-135-B,0
SDH-802-135-S,64
SDH-802-180,2
SDH-802-180A,0
SDH-802-180-B,0
SDH-802-180-S,47
SDH-802-90,153
SDH-802-90A,56
SDH-802-90-S,5
SDH-832-S,0
SDH-882-S,0
SDH-891HP-S,0
SDH-901-90HP,1591
SDH-902-135,197
SDH-902-180,538
SDH-902-90,196
SDS-000P,0
SDT-600P,0
SDT-600S,0
SDT-800P,0
SDT-900P,0
SDT-900S,0
SFG-600P,0
SFG-600S,0
SGS-000P,10
SGS-000S,0
SGS-345P,5
SGS-345S,0
SGT-000P,2
SGT-000S,0
SH-001,0
SH-010,0
SH-0300,0
SH-040,0
SH-0400,1
SH-0425,1
SH-0600,13
SHDR-135DC,0
SHDR-90DC,0
SHDR-90WL,0
SHDR-90WR,0
SHDR-ANO-BPS,0
SHDR-ANO-NAT,0
SHDR-G001,0
SHDR-KIT,0
SHI-POL-9-10,0
SH-J103,136
SH-J82,75
SH-J83,194
SHO-000P,7
SHO-000S,0
SHR-1500N,1
SHR-2000N,0
SHR-2500N,0
SHR-3000N,0
SHR-789P,0
SHR-EC,1132
SHR-PC,95
SHR-S,473
SHS-F16D,0
SHS-F17D,0
SHS-F18D,0
SHS-F19D,0
SIL100,0
SIL600,1
SL-0068,2
SL-0077,31
SL-0080,22
SL-0085,24
SL-0098,27
SL-0099BR,0
SL-0099N,66
SL-0099P,15
SLG-798P,776
SLH-036P,283
SLH-060P,37
SLH-134A,4
SLH-134A-BR,0
SLH-134D,25
SLHR-1000B,21
SLHR-1000N,6
SLHR-1500B,16
SLHR-1500N,11
SLHR-2000B,17
SLHR-2000N,10
SLHR-2500B,32
SLHR-2500N,11
SLHR-3000B,53
SLHR-3000N,20
SLHR-ANO-BPS,0
SLHR-ANOPM,0
SLHR-BPS-ANO-PM,0
SLHR-G001,50.00000305
SLHR-KIT,10
SLHR-KIT-EXB,0
SLHR-M1000,0
SLHR-M1500,16
SLHR-M2000,16
SLHR-M2500,16
SLHR-M3000,0
SLHR-M3050,0
SLHR-M5100,0
SLHR-M6100,14
SLHR-M6300,0
SLHR-NAT-ANO-PM,0
SLL-824,18
SLL-824P,0
SLL-824S,0
SLW-0750B,4
SLW-1000B,2
SLW-1000BR,0
SLW-1000N,2
SLW-1500B,0
SLW-1500N,4
SLW-2000B,0
SLW-2000N,0
SLW-2500B,0
SLW-3000B,23
SLW-3000N,54.00000002
SLW-ANO,0
SLW-ANO-BPS,0
SLW-M0750,0
SLW-M1500,0
SLW-M2000,0
SLW-M2500,0
SLW-M3000,0
SLW-M6100,0
SLW-MIL-PM,0
SLW-NAT-ANO,0
SM090-06B,0
SM090-08,0
SM090-08B,68
SM090-10B,146
SM135-06B,53
SM135-08B,185
SM135-10B,134
SM180-06B,28
SM180-08B,22
SM180-10B,49
SMS-000P,0
SMS-000S,0
SMS-001P,0
SMS-001S,0
SMS-002P,0
SMS-002S,0
SMS-003-BODY,0
SMS-003-FC,0
SMS-003-GAS,0
SMS-003P,290
SMS-003P-SL,62
SMS-003-ROD,0
SMS-004P,25
SMS-005P,0
SMS-006P,43
SMS-006P-CP,0
SMS-006P-MOD,0
SMS-007P,0
SMS-340P,0
SOFTWARE,0
SP-SCW-H01,350
SPT-ROL,0
SQBAR-12.7,0
SQSH-2-PAN,2
SQSH-4-PAN,1
SQSH-6-PAN,0
SQUASH-2-PAN,0
SRD-000P,59
SRD-000S,0
SRH-000B,0
SRH-000P,35
SRH-000S,0
SRHB-000P,0
SRI-000P,17
SRI-000S,0
SRW-001,0
SS2020P,768
SS2020S,8
SS2520P,0
SS2520S,0
SS2525P,0
SS2525S,0
SS2530P,3
SS2530S,216
SS2555P,0
SS2555S,0
SSB-000P,8
SSB-000S,0
SSD-000P,4
SSD-AB-6W,10
SSD-BIC-135,200
SSD-BIC-90,100
SSD-BICF-L,300
SSD-BICF-R,300
SSD-BIC-O,200
SSD-BP10-6M,3
SSD-BP8-6W,3
SSD-CC,10
SSD-CFH,90
SSD-CRG,30
SSD-DP-6W,2
SSD-FP-6W,6
SSD-GAD-W,25
SSD-GBS-1,200
SSD-GBS-2,200
SSD-GBS-3,160
SSD-GBS-4,62
SSD-GBS-5,200
SSD-GBS-6,160
SSD-GBS-7,160
SSD-HTS,100
SSD-KAB,50
SSD-KAS-45,20
SSD-KLL,50
SSD-KLW,150
SSD-KPW,150
SSD-MAG-135,40
SSD-MAG-180,160
SSD-MAG-90,40
SSD-OCG-LT,25
SSD-OCG-RT,25
SSD-OPB,50
SSD-PSP,2000
SSD-SC-6W,2
SSD-SCE,50
SSD-SCS,50
SSD-SSHS,800
SS-DTR900,0
SS-DTR-KIT,98
SS-DTR-KIT-S,4
SSH-000P,31
SSH-000S,0
SS-TB-I,8
SS-TB-R,15
STA-ALP-WGH,0
STA-BBKN-25,14
STA-BBKN25-S,2
STA-EHDR-PM,0
STA-GFS-600,0
STA-GGC-180,0
STA-GGC-90,11
STA-GGH-180R,0
STA-GM-CK,0
STA-GPS,44
STA-H150-TR300,0
STA-H200-TR400,0
STA-H300-TR600,0
STA-H300-TR600S,0
STA-HDR-1000,12
STA-HDR-1000N,4
STA-HDR-1500,28
STA-HDR-1500N,0
STA-HDR-2000,8
STA-HDR-2000N,1
STA-HDR-2500,4
STA-HDR-2500N,0
STA-HDR-3000,0
STA-HDR-3000N,0
STA-HDR-M1000,0
STA-HDR-M1500,0
STA-HDR-M2000,0
STA-HDR-M2500,0
STA-HDR-M3000,0
STA-HDR-M5100,0
STA-HDR-M6100,0
STA-HK-150,15
STA-MBGGH-180L,10
STA-MBGGH-180R,18
STA-MBWGH-90L,3
STA-MBWGH-90R,12
STA-MGGH-135L,0
STA-MGGH-135R,2
STA-MGGH-180L,6
STA-MGGH-180R,7
STA-MSBR,6
STA-MWGH-90L,0
STA-MWGH-90R,15
STA-PBT,0
STAPH-1200,0
STA-PH1200,0
STA-PH1800,0
STA-PH300,0
STA-PH350,0
STA-PH435,0
STA-PH575,0
STA-PH585,0
STA-PH600,0
STA-PH600-32,0
STA-PH900,0
STA-PH-KIT,100
STA-PH-KIT-S,0
STA-PVT-BL,557
STA-SBB-GM,0
STA-SBB-GMH,0
STA-SBB-GM-S,0
STA-SBB-TGM,0
STA-SBB-UGM,0
STA-SBB-UM,0
STA-SBB-WM,394
STA-SBB-WM-S,0
STA-SBTR-PM,1434.726
STA-SBTR-PM-B,0
STA-SBTR-PM-S,1
STA-SC-GM,10
STA-SC-WM,6
STA-SHDR-1000,3
STA-SHDR-1000N,16
STA-SHDR-1500,12
STA-SHDR-1500N,29
STA-SHDR-1825N,0
STA-SHDR-2000,7
STA-SHDR-2000N,17
STA-SHDR-2025N,0
STA-SHDR-2225N,0
STA-SHDR-2500,0
STA-SHDR-2500N,0
STA-SHDR-3000,0
STA-SHDR-3000N,6
STA-SHDR-BRK-KI,0
STA-SHDR-M1010,0
STA-SHDR-M1025,0
STA-SHDR-M1550,0
STA-SHDR-M1840,0
STA-SHDR-M1960,0
STA-SHDR-M2055,0
STA-SHDR-M2550,0
STA-SHDR-M3000,0
STA-SHDR-M5100,0
STA-SHDR-PM-MIL,0
STA-SQTR-PM,0
STA-TBH-C,6
STA-TR750,0
STA-TRK400,0
STA-TRK600,0
STA-TRK750,0
STA-TRK-ET,5
STA-TRK-ET-NF,0
STA-TRKK400,0
STA-TRKK-ET,6
STA-TRKK-ET-B,0
STA-TRKK-ET-S,1
STA-UVM,31
STA-VBE,0
STA-VBT,0
STA-WGC,5
STG-10KW,0
STG-12KW,6
STG-18KW,3
STG-8KW,0
STG-BDV,0
STG-CC10,6
STG-COP,0
STG-COPL,2
STG-H40,0
STG-H45,1
STG-H60,2
STG-LIC,0
STG-N13,4
STG-OCAI,5
STG-OCBD,0
STG-OCBI,3
STG-OCBM,2
STG-OCBR6,5
STG-OCBR9,5
STG-OCC5,6
STG-OHS,4
STG-PR,1
STG-SDC,1
STG-TAN,4
STG-TEE1,5
STG-TEE2,1
STG-TES,15
STG-WLP,0
ST-HDR-ANO-BPS,0
ST-HDR-MILL-PM,0
ST-HDR-NAT-PM,0
STM-DS,0
STM-GGH-180L,265
STM-GGH-180R,324
STM-GGH-45L,0
STM-GGH-45R,0
STM-GGH-90L,0
STM-GGH-90R,0
STM-MWGH-180L,0
STM-TB,0
STM-WGH-135L,0
STM-WGH-135R,0
STM-WGH-180L,0
STM-WGH-180R,0
STM-WGH-45L,0
STM-WGH-45R,0
STM-WGH-90L,167
STM-WGH-90R,145
STR-300P,0
STR-600P,0
STR-700P,0
STR-900P,0
STR-KIT,3
STR-KIT-S,0
SWR-1500N,0
SWR2000,0
SWR-2000N,1
SWR-2500N,8
SWR3000,0
SWR-3000N,0
SWR-3000P,0
TCB-1000N,0
TCB-2000N,0
TCB-3000B,0
TCB-3000N,0
TCB-5000N,0
TCB-6000N,125
TCB-6100N,0
TCF-1000N,0
TCF-2000N,0
TCF-3000B,0
TCF-3000N,0
TCF-5000N,0
TCF-6000N,174
TCG-10PM,50
TCG-12PM,0
TCG-8PM,0
TCG-CPM,300
TOU-2030-SN,0
TOU-2525-SN,0
TOU-3030-SH,0
TOU-3030-SN,0
TSS-001-10,185
TSS-001-10-5,91
TSS-001-12,346
TSS-001-8,648
TSS-001-8-5,209
TSS-002-8,85
TSS-003-10,10
TSS-003-10-12,74
TSS-003-10-22,62
TSS-003-12,18
TSS-003-22-10,0
TSS-003-6-12,727
TSS-003-6-22,134
TSS-003-8,0
TSS-003-8-10,126
TSS-003-8-12,3
TSS-003-8-22,217
TSS-003A-10,748
TSS-003A-12,0
TSS-003A-6,99
TSS-003A-8,497
TSS-004-10,90
TSS-004-8,286
TSS-004-8-12,381
TSS-004A-10,0
TSS-004B-10,0
TSS-004B-8,0
TSS-005-10,583
TSS-005-12,0
TSS-005-6,187
TSS-005-8,28
TSS-005A-10,89
TSS-005A-8,475
TSS-006-8,186
TSS-007-10,407
TSS-007-12,177
TSS-007-6,57
TSS-007-8,710
TSS-008A-10,394
TSS-008A-6,555
TSS-008A-8,1
TSS-008B-10,297
TSS-008B-8,145
TSS-008C-10,234
TSS-008C-6,39
TSS-008C-8,158
TSS-009-8,100
TSS-009A-10,72
TSS-009B1-10,747
TSS-009B1-6,448
TSS-009B1-8,38
TSS-011A-10,18
TSS-011A-8,63
TSS-011B-10,98
TSS-011B-8,280
TSS-011C-10,129
TSS-011C-6,199
TSS-011C-8,11
TSS-013-12,0
TSS-014-8,0
TUV-001-12,90
TUV-003-10,743
TUV-003-12,225
TUV-004-10,401
TUV-004-8-26,0
TUV-007-10,1263
TUV-007-12,721
TUV-007-8,0
TWC-1500B,0
TWC-2000B,0
TWC-3000B,0
TWC-ANO,0
TWCB-1000N,0
TWCB-2000N,0
TWCB-3000N,0
TWCB-5000N,0
TWCB-6000N,0
TWCF-1000N,0
TWCF-2000N,0
TWCF-3000N,0
TWCF-5000N,0
TWCF-6000N,0
TWC-MIL-PM,0
U-CHL-10-10,0
U-CHL-10-15,1
U-CHL-10-20,0
U-CHL-10-30,424
UCHL10-ANO-BPS,0
UCHL10-ANO-NAT,0
U-CHL-8-10,11
U-CHL-8-10C,0
U-CHL-8-15,1
U-CHL-8-20,0
U-CHL-8-30,13
U-CHL-8-GAS,0
VABR115S-4,0
VHB001,121
VPM508,0
VTCFD115-120,0
VTCRF4020-180,0
VTCRFG040-180,0
VTOWS001,0
WB-2500P,14
WLP-6-40,3872
XD-111,39
XD-211,20
XY1000P,0
XY1001P,0
XY1002P,0
XY300P,0
XY303P,0