item_code,theoretical
10*20-WASH,1488.00
26B-7250BL,0.00
26B-7250BR,5.00
26B-7250CH,4.00
26B-7250N,4.00
26B-7250WH,0.00
5*25-7991,0.00
6*12-916,1122.00
6*12-WASH,6194.00
6*14-WASH,1818.00
6*16-916,343.00
6*17-STR,4118.00
6*6-916,880.00
AIA12-2000B,14.00
AIA12-3000B,28.00
AIA15-2000B,18.00
AIA15-3000B,32.00
AIA25-1000W,3.00
AIA2512-6000M,9.00
AIA25-1500B,1.00
AIA25-2000B,8.00
AIA25-3000B,30.00
AK-9P,3.00
ALU-FLP,79.00
ANO-ARE-RC-N,0.00
ANO-ARE-TR-N,0.00
AP2520,2.00
AP2530S,22.00
AP2550,965.00
ARE-AP-135,196.00
ARE-AP-180,247.00
ARE-B1912,551.00
ARE-BL-M3000,30.72
ARE-CC-51N,6.00
ARE-CC-M5100,335.00
ARE-EPF-A,63.00
ARE-EPF-BL,20.00
ARE-EPF-BR,20.00
ARE-EPF-CH,20.00
ARE-EPF-N,10.00
ARE-EPF-WH,9.00
ARE-EPL-A,63.00
ARE-EPL-BL,20.00
ARE-EPL-BR,20.00
ARE-EPL-CH,20.00
ARE-EPL-N,10.00
ARE-EPL-WH,10.00
ARE-EP-M3150,142.52
ARE-EPS-A,86.00
ARE-EPS-BL,39.00
ARE-EPS-BR,35.00
ARE-EPS-CH,39.00
ARE-EPS-N,20.00
ARE-EPS-WH,18.00
ARE-FB,18.00
ARE-FB90,18.00
ARE-FBA,16.00
ARE-FDS,10.00
ARE-FG,10.00
ARE-GP,3.00
ARE-HA-A,11.00
ARE-HA-BR,1.00
ARE-HB,258.00
ARE-HBM,108.00
ARE-HP-M3150,44.92
ARE-IB,115.00
ARE-JP-135,70.00
ARE-JP-180,122.00
ARE-JP-RJ,47.00
ARE-JP-Y,69.00
ARE-LBB,99.00
ARE-PB,190.00
ARE-PIV-FP,55.00
ARE-PIV-P,9.00
ARE-PIV-TOP,52.00
ARE-RB-M2100,2.00
ARE-RB-M3000,1.00
ARE-RB-M5100,130.72
ARE-RB-M7200,60.00
ARE-RC-21BL,1.00
ARE-RC-21BR,1.00
ARE-RC-21CH,1.00
ARE-RC-21WH,1.00
ARE-RC-30BL,1.00
ARE-RC-30BR,1.00
ARE-RC-30CH,1.00
ARE-RC-30WH,1.00
ARE-RC-36BR,1.00
ARE-RC-5100CC,0.82
ARE-RC-51BL,33.00
ARE-RC-51BR,18.32
ARE-RC-51CH,33.00
ARE-RC-51N,11.00
ARE-RC-51WH,16.00
ARE-RC-M5100,13.00
ARE-RC-M7200,52.00
ARE-RO-M5100,32.50
ARE-RRG-10,701.00
ARE-RRG-12,797.00
ARE-RRG-15,228.00
ARE-RWH,146.00
ARE-RWH-IC,142.00
ARE-SFB-M5100,14.00
ARE-TR-21BL,2.00
ARE-TR-21BR,0.85
ARE-TR-21CH,1.00
ARE-TR-21N,1.00
ARE-TR-21WH,1.00
ARE-TR-30BL,1.00
ARE-TR-36BR,2.00
ARE-TR-51BR,1.00
ARE-TR-51CH,1.00
ARE-TR-51N,1.00
ARE-TR-51WH,1.00
ARE-TR-72BL,2.00
ARE-TR-72CH,3.00
ARE-TR-72N,1.00
ARE-TR-72WH,1.00
ARE-TR-M2100,1.00
ARE-TR-M5100,2.00
ARE-TR-M7200,52.00
ARE-WG-10,32.00
ARE-YOKE,69.00
BCP-1000B,5.00
BCP-1000N,7.00
BCP-1500B,4.00
BCP-1500N,151.00
BCP-2000B,180.00
BCP-2000N,50.00
BCP-3000B,16.00
BCP-3000N,22.00
BCP-M5100,79.00
BFM-511,18.00
BFM-511-CP,132.00
BGH-601-90,88.00
BGH-602-180,84.00
BGH-611-90,77.00
BGH-612-180,68.00
BGL-601-90,46.00
BGL-602-180,41.00
BGL-611-90,50.00
BGL-612-180,35.00
BH-001,12.00
BH-010,230.00
BH-030,10.00
BH-040,79.00
BH-060,66.00
BH-060-S,4.00
BH-901,53.00
BH-910,58.00
BH-930,199.00
BH-940,235.00
BH-960,0.00
BHDR-1000B,3.00
BHDR-1000N,1.00
BHDR-1500B,3.00
BHDR-1500MB,1.00
BHDR-1500N,2.00
BHDR-2000B,168.00
BHDR-2000MB,10.00
BHDR-2000N,6.00
BHDR-2500B,50.00
BHDR-2500MB,9.00
BHDR-3000B,52.00
BHDR-3000MB,10.00
BHDR-3000N,11.00
BHDR-KIT,104.00
BHDR-KIT-EXB,165.00
BHDR-M5100,63.00
BHDR-M6300,50.00
BHDR-M6400,42.00
BHR42-180,9.00
BHR42-5000S,2.00
BHR42-90,7.00
BHR42-EC,2.00
BHR42-WF,10.00
BSM-511,888.00
BSM-511-SL,370.00
BSM-512,2.00
BSM-591,7.00
BSM-601-END,28.00
BSM-601-SCW,30.00
BSM-TOOL,0.00
BSP-2000B,22.00
BSP-2500B,8.00
BSP-2500N,10.00
BSP-M6000,20.00
BT-4850,68.00
BTC-512-180,0.00
BTC-512-90,0.00
BTK-ET,238.00
BTK-ET-S,1.00
BTMK-KIT,104.00
BUCW-2500N,10.00
BUCW-WG12,10.00
BUF-15MM,447.00
BWG-1,194.00
BWG-2,200.00
BWG-3,200.00
BW-I15,94.00
BW-I19,38.00
BW-I25,30.00
CHNL-21-10N,3.00
CHNL-25-20N,4.00
CHNL-25-30N,18.00
CHNL-25-M3000,30.00
CLAMP-FDOMPLA,8.00
CLAMP-SSFP,8.00
CLV-BLKCAT,62.00
CLV-BTMK-2100,1.00
CLV-BTMK-3000,3.00
CLV-BTMK-3600,1.00
CLV-BTMK-3600CH,1.00
CLV-BTMK-5100,4.00
CLV-BTMK-7200,2.00
CLV-GAS,100.00
CLV-GH,37.00
CLV-GH-BRN,5.00
CLV-HBUSH,27.00
CLV-LH,38.00
CLV-LH-BRN,5.00
CLV-LH-EXH,34.00
CLV-LHH,25.00
CLV-LHH-BRN,5.00
CLV-LP,54.00
CLV-LP-BRN,8.00
CLV-LPIN-A,100.00
CLV-LPIN-EXL,20.00
CLV-MH-CB,40.00
CLV-MH-CS,41.00
CLV-PH,43.00
CLV-PH-BRN,12.00
CLV-RBR,292.00
CLV-RH,24.00
CLV-RH-BRN,5.00
CLV-SIDK-3000,2.00
CLV-SIDK-6000,8.00
CLV-TOPK-2100,1.00
CLV-TOPK-3000,4.00
CLV-TOPK-3600,1.00
CLV-TOPK-4200CH,1.00
CLV-TOPK-5100,4.00
CLV-TOPK-7200,2.00
COU-FEE,0.00
CS-ACT,8.00
CS-CAC-300,2.00
CS-CAC-500,8.00
CS-DBS,7.00
CS-DEMO,16.00
CSL-789T,1.00
CSL-CKIT,13.00
CSL-DBC,208.00
CSL-END-B,64.00
CSL-END-N,256.00
CSLF-1000B,1.00
CSLF-1000N,1.00
CSLF-1500B,7.00
CSLF-1500MB,1.00
CSLF-1500N,1.00
CSLF-2000B,22.00
CSLF-2000MB,2.00
CSLF-2000N,41.00
CSLF-2500B,8.00
CSLF-2500N,17.00
CSLF-3000B,51.00
CSLF-3000N,59.00
CSLF-6300N,6.00
CSLF-M3000,10.00
CSLF-M5100,71.00
CSLF-M6300,49.00
CS-LIM-500,7.00
CSL-RWH,0.00
CSL-RWH-HD,0.00
CSL-SKIT-B,11.00
CSL-SKIT-N,28.00
CSLT-1000N,1.00
CSLT-1500B,7.00
CSLT-1500MB,1.00
CSLT-1500N,1.00
CSLT-2000B,10.00
CSLT-2000MB,2.00
CSLT-2000N,34.00
CSLT-2500B,2.00
CSLT-2500N,17.00
CSLT-3000B,36.00
CSLT-3000N,45.00
CSLT-6300N,10.00
CSLT-M5100,72.00
CSLT-M6300,50.00
CSL-WBR,445.00
CSL-WKIT,66.00
CS-MFC,12.00
CS-MS,4.00
CS-NEU-500,5.00
CS-PCC-500,9.00
CS-RP-500,3.00
CS-SHP-500,6.00
CS-TB,1.00
CS-TBSL,7.00
CS-UDB,1.00
DK-201,154.00
DK-201A,444.00
DK-201-H300,263.00
DK-201-H400,212.00
DK-201-H425,1.00
DK-201-H600,93.00
DK-203,98.00
DK-204,0.00
DK-204A,620.00
DK-205A,0.00
DK-209A,258.00
DK-209W,8.00
DK-211,93.00
DK-211-H400,17.00
DK-214,30.00
DK-215A,85.00
DK-232,103.00
DK-232A,135.00
DK-232-H300,10.00
DK-232-H400,101.00
DK-232-H600,38.00
DK-281,0.00
DK-291,43.00
DK-291A,265.00
DK-291-H300,199.00
DK-291-H400,130.00
DK-292A,43.00
DK-292-H400,174.00
DK-292-H600,0.00
DK-501,0.00
DK-504,0.00
DK-MDSH,74.00
DL-001P,15.00
DL-002P,15.00
DL-02P,6.00
DLS-HDR-1500N,2.00
DLS-HDR-2500B,1.00
DLS-HDR-2500N,1.00
DLS-HDR-3000B,4.00
DLS-HDR-5100N,2.00
DLS-HDR-M1500,1.00
DLS-HDR-M2000,14.00
DLS-HDR-M5100,30.00
DP-CSB,73.00
DP-FLW,831.00
DP-FPL,267.00
DP-GFT,75.00
DP-RWH,397.00
DP-TOOL,72.00
DP-TSGP,334.00
DSC-501,170.00
DSH-501,397.00
EDS-ALP,49.00
EDS-CRP,75.00
EDS-DS,79.00
EDS-GCC,57.00
EDS-GCK,3.00
EDS-ONE,136.00
EDS-RWH,73.00
EDS-WFL,90.00
EHDR-1000B,2.00
EHDR-1500N,4.00
EHDR-2000B,4.00
EHDR-2500B,5.00
EHDR-3000B,5.00
EHDR-M1050,1.00
EHDR-M5100,9.00
EHDR-M6100,7.00
ELP-19SBTR,0.00
EL-PLMB,0.00
EMP-ALP,21.00
EMP-DBC,172.00
EMP-HRWB,0.00
EMP-RWB,4.00
FH-036-GAS,236.00
FH-036P,325.00
FH-055-GAS,118.00
FH-055P,562.00
FH-155P,489.00
FLB10-2000B,2.00
FLB10-3000B,3.00
FLB12-3000B,36.00
FLB15-2000B,29.00
FLB15-3000B,25.00
FLB19-2000B,29.00
FLB19-3000B,48.00
FLB25-2000B,31.00
FLB25-3000B,32.00
FPR-1000B,1.00
FPR-900B,2.00
FSC-1000B,1.00
FSC-900B,1.00
FSR-900B,2.00
FSS-1200B,1.00
FSS-1300B,1.00
FSS-1400B,1.00
GAC002,19485.00
GAS002,61499.00
GC-401,4138.00
GC-402,4054.00
GC-403,234.00
GC-404,2872.00
GC-405,349.00
GC-406,99.00
GC-407,247.00
GC-501,1352.00
GC-501-D,818.00
GC-502,5570.00
GC-503,132.00
GC-504,1244.00
GC-505,193.00
GC-506,159.00
GC-701,1321.00
GC-701-D,51.00
GC-702,1589.00
GC-703,100.00
GC-704,881.00
GC-705,7.00
GC-705W,83.00
GC-706,68.00
GC-711,1.00
GC-711-D,94.00
GC-713,1.00
GC-714,0.00
GC-716,81.00
GC-781,63.00
GC-782,39.00
GC-791,15.00
GC-792,1102.00
GC-794,729.00
GC-795,172.00
GC-796,132.00
GC-801,3501.00
GC-801-D,893.00
GC-802,5572.00
GC-803,312.00
GC-804,2467.00
GC-805,118.00
GC-805W,150.00
GC-806,5.00
GC-807,0.00
GC-811,76.00
GC-812,80.00
GC-813,73.00
GC-814,30.00
GC-815,51.00
GC-816,10.00
GC-817,1.00
GC-901,469.00
GC-902,854.00
GC-903,3.00
GC-904,429.00
GC-905,56.00
GC-906,105.00
GDH-602,226.00
GDH-603,500.00
GDH-604,690.00
GDL-0061P,30.00
GDL-0062P,28.00
GFC002,57968.00
GFH002,49823.00
GL-001,42.00
GL-002,67.00
GL-002F,40.00
GL-002M,39.00
GL-011,85.00
GL-012,74.00
GL-801,767.00
GL-801-SP,55.00
GL-802,61.00
GL-803,109.00
GL-804,118.00
GSG-2030-SN,55.00
GSG-2525-SH,158.00
GSG-2525-SN,129.00
GSG-3030-SH,296.00
GSG-3030-SN,331.00
GSG-3040-SH,20.00
GSG-5525-CH,60.00
GSG-5525-SH,30.00
GSH-201,4320.00
GSH-202,915.00
GSH-203,461.00
GSH-203-FIN,58.00
GSH-203G,536.00
GSH-203W,27.00
GSH-211,33.00
GSH-212,18.00
GSH-213,8.00
GSH-283,33.00
GSH-293G,353.00
GSH-293W,370.00
GSH-301,2.00
GSH-301-S,47.00
GSH-401,56.00
GSH-401-S,196.00
GTD-10.0-AL,5.00
GTD-5.0,8.00
GTD-5.0-AL,5.00
GTD-6.0,6.00
GTD-6.0-AL,10.00
GTD-8.0,5.00
GTD-8.0-AL,5.00
H100T,0.00
H110T,2.00
HDH-611-90,1.00
HDH-612-180,16.00
HDR-135DC,151.00
HDR-8MM-GAS-PM,977.01
HDR-90DC,299.00
HDR-FL-CON,3.00
HDR-HR90,343.00
HDR-HRR,889.00
HDR-HRW,1.00
HDR-WBR,719.00
HMP-1000,54.00
HMP-2000,10.00
HMP-3000,124.00
HNG-RL-1000B,2.00
HNG-RL-1500N,1.00
HNG-RL-2000W,1.00
HNG-RL-3000B,2.00
HNG-RL-3000N,8.00
HNG-RL-M6100,12.00
HRG006,330.00
HRG008,80.00
I-CHL-8-10B,27.00
I-CHL-8-10MB,3.00
I-CHL-8-10N,5.00
I-CHL-8-15B,7.00
I-CHL-8-15MB,3.00
I-CHL-8-15N,5.00
I-CHL-8-20B,255.00
I-CHL-8-20MB,42.00
I-CHL-8-20N,139.00
I-CHL-8-25B,276.00
I-CHL-8-30B,295.00
I-CHL-8-30BR,6.00
I-CHL-8-30MB,22.00
I-CHL-8-30N,207.00
I-CHL-8-50MB,13.00
I-CHL-8-M2000,325.00
I-CHL-8-M3000,60.00
I-CHL-8-M5100,1.00
I-CHL-8-M6300,288.00
IM-H-1,1.00
INS-CHNL-8-GAS,100.00
IS-180-10,389.00
IS-180-12,311.00
IS-180-8,0.00
IS-90-8,49.00
JCC-RAL,5.00
KA-003*19,94.00
KA-003*19-S,21.00
KA-101-*19,3375.00
KA-101-*19-S,66.00
KA-102*19,218.00
KA-102*19-S,1.00
KA-103*19,5156.00
KA-103*19-S,8.00
KA-106*19,120.00
KA-107*19,969.00
KA-109*19,1.00
KA-111*19,385.00
KA-111*19-S,58.00
KA-191*19,786.00
KA-192*19,6.00
KA-193*19,762.00
KA-197*19,36.00
KA-199*19,66.00
KA-201*19,1.00
KA-203*19,1.00
KAL-BSK06,5.00
KAL-BSK-KIT,5.00
KLW-0925N,61.00
KLW-1000P,28.00
KLW-1500N,1.00
KLW-3000P,59.00
KLW-M0825,14.00
LOCKTIGHT,18.00
LPHR-850S,27.00
LPHS-850S,35.00
M10-DN,98.00
M4*6-GS,29.00
M5*16-BHA,150.00
M5*16-CSK,502.00
M5*25-CSA,863.00
M5*6-GS,2010.00
M6*10-CSK,1820.00
M6*12-CSA,3453.00
M6*12-SB,1537.00
M6*16-CSA-B,974.00
M6*16-FW,366.00
M6*25-GS-B,1897.00
M6*40-CSR,312.00
M6*50-GS-B,174.00
M8*14-GS-P,114.00
M8*20-HB,141.00
M8*25-CSA,1686.00
M8*25-HB,183.00
M8*30-DA,46.00
M8*4-NUT,153.00
M8*65-RBS,96.00
M8*70-CSS,2.00
M8*80-HB,88.00
MARE-EPF-A,0.00
MARE-EPL-A,0.00
MARE-EPS-A,0.00
MARE-FB,0.00
MARE-FB90,0.00
MARE-FG,0.00
MARE-FSB,0.00
MARE-HA-A,0.00
MARE-HA-BL,0.00
MARE-HA-BR,0.00
MARE-HA-CH,0.00
MARE-HA-N,0.00
MARE-HA-WH,0.00
MARE-PIV,0.00
MARE-PSB,0.00
MCD-10.0-AL,5.00
MCD-12.0-AL,5.00
MCD-5.0-AL,5.00
MCD-6.0-AL,17.00
MCD-8.0-AL,3.00
MCP-1001A,1.00
MCP-1001B,1042.00
MCP-1001MB,34.00
MCP-1001N,30.00
MCP-1501A,1.00
MCP-1501B,14.00
MCP-1501MB,6.00
MCP-1501N,5.00
MCP-2001B,45.00
MCP-2001MB,5.00
MCP-2001N,3.00
MCP-3001A,3.00
MCP-3001B,571.00
MCP-3001MB,51.00
MCP-3001N,56.00
MCP-M3050,114.00
MD-5.0,10.00
MD-5.0-AL,5.00
MD-6.0,56.00
MD-6.0-AL,4.00
MD-8.0,10.00
MD-8.0-AL,5.00
MDB-6.0,1.00
MDB-8.0,4.00
MGGH-180LMB,25.00
MGGH-180RMB,30.00
MP-CHNL-1000N,3.00
MP-CHNL-3000N,127.00
MPF-1000N,2.00
MPF-2000N,1.00
MPF-5100N,4.00
MPF-M5100,1.00
MPT-1000N,5.00
MPT-1500N,1.00
MPT-2000N,1.00
MPT-3000N,1.00
MPT-6000N,12.00
MPT-M5100,1.00
MPW-1000N,3.00
MPW-2000N,1.00
MPW-2500N,2.00
MPW-6000N,46.00
MT-2440,51.00
MWGH-90LMB,30.00
MWGH-90RMB,30.00
N10*38-CSP,500.00
N10*50-CSP,224.00
N10*70-CSKSS,4.00
N12*100-CSP,749.00
N6*30-STP,3107.00
N8*38-CSP,3763.00
N8*38-CSP-B,849.00
NANO-CLE301,7.00
NANO-E2C105,2.00
NANO-E2C113,11.00
OIL3IN1,2.00
OXB-1041,235.00
OXB-1042,61.00
OXB-11-19,4.00
OXB-1-19,48.00
OXB-12,25.00
OXB-150-305,86.00
OXB-150-305S,61.00
OXB-150-425P,25.00
OXB-403,406.00
OXB-405,282.00
OXB-745,141.00
OXB-746,36.00
OXB-747,269.00
OXB-792P,297.00
OXB-962G,13.00
P1701-3000,1.00
P4140C,120.00
P4140S,6.00
P4281C,-3.00
P4346,5.00
PC-ARECC-BL,0.00
PC-ARECC-BR,0.00
PC-ARECC-CH,0.00
PC-ARECC-WH,0.00
PCARE-RC-BR,0.00
PC-ARE-RC-WH,0.00
PCARE-TR-BL,0.00
PCARE-TR-BR,0.00
PC-ARE-TR-CH,0.00
PC-ARE-TR-WH,0.00
PCF-5040P,42.00
PCF-5040S,186.00
PCG-5040-10,33.00
PCG-5040-6,35.00
PCG-5040-8,88.00
PCG-6345-8,20.00
PCR-6345S,20.00
PHS-300S,393.00
PHS-450S,347.00
PHS-600S,437.00
PHT-300S,326.00
PHT-450S,290.00
PRT001,0.00
PSS-003-8,0.00
PSS-003A-8,0.00
PSS-009B1-10,0.00
PSS-009B1-8,0.00
PT-02*6-50,50.00
PT-08*8-60,60.00
PT-20*7-18,5.00
PT-20*9-18,9.00
PT-ADJ-AP,2.00
PT-AP-GL,1.00
PT-AP-UN,1.00
PT-PR,1.00
PUV-003-10,0.00
PUV-003A-10,0.00
RB10-M3000,8.00
RB-626,707.00
RB-6300,710.00
RBM6*55,350.00
RF001,16.00
RSM090-08B,70.00
RSM090-10B,138.00
RSS-008A-10,1313.00
RSS-008A-6,130.00
RSS-008A-8,69.00
RST-1000B,2.00
RST-2000B,145.00
RST-3000B,185.00
S6*30-PLUG,7149.00
S8*40-PLUG,802.00
SB19-1000AB,2.00
SB19-1000B,21.00
SB19-1000MB,347.00
SB19-1500B,7.00
SB19-1500MB,3.00
SB19-1500N,2.00
SB19-2000B,211.00
SB19-2000MB,96.00
SB19-3000B,124.00
SB19-3000MB,7.00
SB19-3000N,13.00
SB19-6000B,100.00
SB25-1000N,3.00
SB25-1500N,1.00
SB25-2000N,9.00
SB25-3000N,7.00
SB25-6000N,30.00
SBF-000P,1.00
SBW-000P,1.00
SCH-THWM-54,98.00
SCK-BUSH,82.00
SCK-GLM,12.00
SCK-GLM-NB,1.00
SCK-SSBUSH,66.00
SCS-CV-2000N,0.00
SCS-CV-3000N,0.00
SCS-DS,0.00
SCS-FA-2000N,0.00
SCS-FA-3000N,0.00
SCS-GCC,0.00
SCS-RWH,0.00
SCS-S2000N,0.00
SCS-S3000N,0.00
SCS-SC,0.00
SCS-TR-2000N,0.00
SCS-TR-3000N,0.00
SDH-301-90,157.00
SDH-301-90HP,319.00
SDH-302-180,284.00
SDH-402-180,24.00
SDH-501-90,186.00
SDH-501-90HP,2777.00
SDH-502-135,211.00
SDH-502-135E,62.00
SDH-502-135U,14.00
SDH-502-180,174.00
SDH-502-90,26.00
SDH-701-135,50.00
SDH-701-90,240.00
SDH-701-90HP,1346.00
SDH-702-135,315.00
SDH-702-135EC,1.00
SDH-702-180,191.00
SDH-702-90,23.00
SDH-704-360,13.00
SDH-708-360,43.00
SDH-711-90HP,1.00
SDH-712-135,87.00
SDH-714-360,2.00
SDH-791-90HP,979.00
SDH-792-135,169.00
SDH-792-180,538.00
SDH-792-90,79.00
SDH-801-135,33.00
SDH-801-360,545.00
SDH-801-90,548.00
SDH-801-90HP,567.00
SDH-802-135,31.00
SDH-802-135A,280.00
SDH-802-180,1509.00
SDH-802-90,298.00
SDH-802-90A,32.00
SDH-811-360,8.00
SDH-811-90HP,5.00
SDH-812-135,40.00
SDH-812-180,2.00
SDH-812-90,21.00
SDH-901-90HP,153.00
SDH-902-135,164.00
SDH-902-180,3.00
SDH-902-90,164.00
SF001,142.00
SGS-000P,7.00
SGS-345P,3.00
SH-001,69.00
SH-010,465.00
SH-0300,107.00
SH-0400,0.00
SH-0600,9.00
SH2020P,0.00
SH2020S,0.00
SH2530P,0.00
SH2530S,0.00
SH-901,100.00
SH-910,42.00
SH-9400,193.00
SH-J103,8.00
SH-J82,315.00
SH-J83,344.00
SHOG-000P,17.00
SHOW-000P,11.00
SHR-789P,726.00
SHR-EC,1098.00
SHR-PC,935.00
SHR-S,5.00
SIDK-KIT,153.00
SIL600,22.00
SL-0068,217.00
SL-0077,954.00
SL-0078,0.00
SL-0080,862.00
SL-0085L,116.00
SL-0085R,120.00
SL-0098,266.00
SL-0099N,304.00
SL-0099P,57.00
SLG-798P,841.00
SLHR-1000B,11.00
SLHR-1000N,3.00
SLHR-1500B,2.00
SLHR-1500N,2.00
SLHR-2000B,25.00
SLHR-2000N,28.00
SLHR-2500B,11.00
SLHR-2500N,9.00
SLHR-3000B,21.00
SLHR-3000N,17.00
SLHR-G001,78.00
SLHR-KIT,60.00
SLHR-KIT-EXB,51.00
SLHR-M5100,83.00
SLL-824P,90.00
SL-TOOL,487.00
SLW-0750B,19.00
SLW-0750N,4.00
SLW-1000B,20.00
SLW-1000N,10.00
SLW-1500B,5.00
SLW-1500N,4.00
SLW-2000MB,1.00
SLW-3000B,54.00
SLW-3000MB,1.00
SLW-3000N,43.00
SLW-M6300,20.00
SM090-08B,3.00
SM090-10B,590.00
SM135-06B,65.00
SM135-08B,14.00
SM135-10B,29.00
SM180-06B,113.00
SM180-08B,562.00
SM180-10B,304.00
SMCD-10.0-AL,2.00
SMCD-12.0-AL,2.00
SMCD-5.0-AL,2.00
SMCD-6.0-AL,4.00
SMCD-8.0-AL,2.00
SMD-10.0-AL,2.00
SMD-12.0-AL,2.00
SMD-14.0-AL,2.00
SMD-16.0-AL,2.00
SMD-5.0-AL,2.00
SMD-6.0-AL,1.00
SMD-8.0-AL,2.00
SMS-003-ROD,30.00
SMS-004P,1.00
SP10,66.00
SP10C,158.00
SP20,209.00
SP20C,70.00
SP21B,54.00
SP21BC,48.00
SP21L,22.00
SP21LC,41.00
SP23,367.00
SP24,294.00
SP24C,63.00
SP30,391.00
SP30C,196.00
SP40,290.00
SP41L,39.00
SP41LC,27.00
SP41R,40.00
SP41RC,27.00
SP50,217.00
SP50C,237.00
SP50-LU,104.00
SP52,406.00
SP52C,64.00
SP52-WP,119.00
SP52-WPC,98.00
SP53,109.00
SP53C,92.00
SP55,28.00
SP550,44.00
SP550-BP,91.00
SP600,173.00
SP600C,89.00
SP610,63.00
SP610C,173.00
SP620,162.00
SP620C,177.00
SP72,121.00
SP72-BP,48.00
SP80,80.00
SP80-BP,19.00
SP84,199.00
SP84-BP,48.00
SP90,97.00
SP90-BP,48.00
SQSH-2-PAN,3.00
SRDG-000P,19.00
SRDW-000P,20.00
SRF01,201.00
SRHG-000AB,1.00
SRHG-000MB,12.00
SRHG-000P,5.00
SRHW-000P,2.00
SRI-000P,8.00
SRW-001,25.00
SS2020P,1042.00
SS2020S,501.00
SS2530P,423.00
SS2530S,869.00
SSD-000P,4.00
SS-DTR-KIT,72.00
SSH-000P,1.00
SS-TB-I,8.00
SS-TB-R,13.00
ST19-1500B,1.00
STA-BBKN-25,2.00
STA-BBKN25-S,1.00
STA-GPS,27.00
STA-H150-TR300,1.00
STA-H200-TR400,11.00
STA-HK-150,15.00
STA-MSBR,2.00
STA-PH-KIT,314.00
STA-PVT-BL,1994.00
STA-SBTR-PM,-62.96
STA-SC-GM,520.00
STA-SC-WM,487.00
STA-SHDR-1000N,-10.00
STA-TBH-C,5.00
STA-TRK-ET,156.00
STA-TRK-ET-S,1.00
STA-TRKK-ET,125.00
STA-TRKK-ET-S,1.00
STA-UVM,17.00
STA-WM-KIT,23.00
STG-10KW,0.00
STG-12KW,0.00
STG-8KW,1.00
STG-COPL,4.00
STG-H40,5.00
STG-H45,9.00
STG-H60,5.00
STG-LIC,8.00
STG-N13,3.00
STG-OCBD,0.00
STG-OCBI,5.00
STG-OCBM,3.00
STG-OCBR6,4.00
STG-OCBR9,5.00
STG-OCC5,3.00
STG-OHS,1.00
STG-PR,1.00
STG-SDC,1.00
STG-TAN,2.00
STG-TEE1,5.00
STG-TEE2,1.00
STG-TES,11.00
STG-WLP,7.00
STM-GGH-180L,118.00
STM-GGH-180R,17.00
STM-WGH-90L,102.00
STM-WGH-90R,87.00
STR-KIT,2.00
TB-51100,159.00
TCB-1000N,1.00
TCB-1500N,1.00
TCB-2000B,149.00
TCB-2000N,4.00
TCB-3000B,9.00
TCB-3000N,70.00
TCB-6000N,6.00
TCB-M3100,348.00
TCB-M6300,69.00
TCF-1000N,1.00
TCF-1500N,1.00
TCF-2000B,152.00
TCF-2000N,3.00
TCF-3000B,9.00
TCF-3000N,97.00
TCF-5100N,1.00
TCF-M3100,168.00
TCF-M6300,91.00
TCG-10PM,445.00
TCG-8PM,1139.00
TCG-CPM,1250.00
TCG-FWEG,1169.00
TOPK-KIT,115.00
TSS-001-10,115.00
TSS-001-12,203.00
TSS-001-8,265.00
TSS-001-8-5,161.00
TSS-003-10,951.00
TSS-003-10-2,0.00
TSS-003-10-22,860.00
TSS-003-6-12,1.00
TSS-003-8,4180.00
TSS-003-8-10,34.00
TSS-003-8-22,646.00
TSS-003A-10,632.00
TSS-003A-6,75.00
TSS-003A-8,107.00
TSS-004-10,120.00
TSS-004-8,58.00
TSS-004-8-12,0.00
TSS-004-8-24,0.00
TSS-005-10,53.00
TSS-005-6,1.00
TSS-005-8,319.00
TSS-005A-10,46.00
TSS-005A-8,124.00
TSS-005D-10,228.00
TSS-006-8,70.00
TSS-007-10,867.00
TSS-007-12,16.00
TSS-007-8,1205.00
TSS-008A-10,573.00
TSS-008A-12,27.00
TSS-008A-6,233.00
TSS-008A-8,1694.00
TSS-008B-10,541.00
TSS-008B-8,50.00
TSS-008C-10,53.00
TSS-008C-6,22.00
TSS-008C-8,29.00
TSS-009-8,0.00
TSS-009A-10,51.00
TSS-009B1-10,263.00
TSS-009B1-12,3.00
TSS-009B1-6,1.00
TSS-009B1-8,2400.00
TSS-011A-10,2.00
TSS-011A-8,100.00
TSS-011B-10,2.00
TSS-011B-8,231.00
TSS-011C-10,34.00
TSS-011C-6,212.00
TSS-011C-8,17.00
TSS-012A-8,100.00
TSS-015D-10,449.00
TUV-003-12,547.00
TUV-003A-12,592.00
TUV-007-12,126.00
TUV-04A-12,85.00
U-CHL-10-10B,188.00
U-CHL-10-10MB,1.00
U-CHL-10-15B,2.00
U-CHL-10-15N,11.00
U-CHL-10-20B,203.00
U-CHL-10-20MB,9.00
U-CHL-10-20N,19.00
U-CHL-10-30B,142.00
U-CHL-10-30BR,6.00
U-CHL-10-30MB,58.00
U-CHL-10-30N,55.00
U-CHL-10-M6300,240.00
U-CHL-19-30B,2.00
U-CHL-19-30N,4.00
U-CHL-8-M30,25.00
VHB001,1139.00
VIAL-16ML,32.00
VIAL-CAP,32.00
VIT-0015L,90.00
WB-2500N,18.00
WB-2500P,1.00
WP-6712,200.00
WP-676F,445.00
XD-111,38.00
